2026-04-18 17:22:20,0.0
2026-04-18 17:22:20,0.0
2026-04-18 17:22:20,0.0
2026-04-18 17:22:20,0.0
2026-04-18 17:22:20,0.0
2026-04-18 17:22:20,0.0
2026-04-18 17:22:20,0.0
2026-04-18 17:22:20,0.0
2026-04-18 17:22:20,0.0
2026-04-18 17:22:21,0.0
2026-04-18 17:22:21,0.0
2026-04-18 17:22:21,0.0
2026-04-18 17:22:21,0.0
2026-04-18 17:22:21,0.0
2026-04-18 17:22:21,0.0
2026-04-18 17:22:21,0.0
2026-04-18 17:22:21,0.0
2026-04-18 17:22:21,0.0
2026-04-18 17:22:21,0.0
2026-04-18 17:22:22,0.0
2026-04-18 17:22:22,0.0
2026-04-18 17:22:22,0.0
2026-04-18 17:22:22,0.0
2026-04-18 17:22:22,0.0
2026-04-18 17:22:22,0.0
2026-04-18 17:22:22,0.0
2026-04-18 17:22:22,0.0
2026-04-18 17:22:22,0.0
2026-04-18 17:22:23,0.0
2026-04-18 17:22:23,0.0
2026-04-18 17:22:23,0.0
2026-04-18 17:22:23,0.0
2026-04-18 17:22:23,0.0
2026-04-18 17:22:23,0.0
2026-04-18 17:22:23,0.0
2026-04-18 17:22:23,0.0
2026-04-18 17:22:23,0.0
2026-04-18 17:22:24,0.0
2026-04-18 17:22:24,0.0
2026-04-18 17:22:24,0.0
2026-04-18 17:22:24,0.0
2026-04-18 17:22:24,0.0
2026-04-18 17:22:24,0.0
2026-04-18 17:22:24,0.0
2026-04-18 17:22:24,0.0
2026-04-18 17:22:24,0.0
2026-04-18 17:22:24,0.0
2026-04-18 17:22:25,0.0
2026-04-18 17:22:25,0.0
2026-04-18 17:22:25,0.0
2026-04-18 17:22:25,0.0
2026-04-18 17:22:25,0.0
2026-04-18 17:22:25,0.0
2026-04-18 17:22:25,0.0
2026-04-18 17:22:25,0.0
2026-04-18 17:22:25,0.0
2026-04-18 17:22:26,0.0
2026-04-18 17:22:26,0.0
2026-04-18 17:22:26,0.0
2026-04-18 17:22:26,0.0
2026-04-18 17:22:26,0.0
2026-04-18 17:22:26,0.0
2026-04-18 17:22:26,0.0
2026-04-18 17:22:26,0.0
2026-04-18 17:22:26,0.0
2026-04-18 17:22:27,0.0
2026-04-18 17:22:27,28.7
2026-04-18 17:22:27,84.6
2026-04-18 17:22:27,92.7
2026-04-18 17:22:27,93.9
2026-04-18 17:22:27,94.2
2026-04-18 17:22:27,94.5
2026-04-18 17:22:27,93.5
2026-04-18 17:22:27,86.7
2026-04-18 17:22:27,88.3
2026-04-18 17:22:28,91.0
2026-04-18 17:22:28,89.8
2026-04-18 17:22:28,52.1
2026-04-18 17:22:28,0.0
2026-04-18 17:22:28,0.0
2026-04-18 17:22:28,0.0
2026-04-18 17:22:28,0.0
2026-04-18 17:22:28,0.0
2026-04-18 17:22:28,0.0
2026-04-18 17:22:29,0.0
2026-04-18 17:22:29,0.0
2026-04-18 17:22:29,0.0
2026-04-18 17:22:29,0.0
2026-04-18 17:22:29,72.9
2026-04-18 17:22:29,81.2
2026-04-18 17:22:29,88.3
2026-04-18 17:22:29,76.6
2026-04-18 17:22:29,0.0
2026-04-18 17:22:30,0.0
2026-04-18 17:22:30,0.0
2026-04-18 17:22:30,0.0
2026-04-18 17:22:30,0.0
2026-04-18 17:22:30,0.0
2026-04-18 17:22:30,0.0
2026-04-18 17:22:30,0.0
2026-04-18 17:22:30,0.0
2026-04-18 17:22:30,0.0
2026-04-18 17:22:30,0.0
2026-04-18 17:22:31,0.0
2026-04-18 17:22:31,0.0
2026-04-18 17:22:31,0.0
2026-04-18 17:22:31,0.0
2026-04-18 17:22:31,0.0
2026-04-18 17:22:31,0.0
2026-04-18 17:22:31,0.0
2026-04-18 17:22:31,0.0
2026-04-18 17:22:31,0.0
2026-04-18 17:22:32,0.0
2026-04-18 17:22:32,0.0
2026-04-18 17:22:32,0.0
2026-04-18 17:22:32,0.0
2026-04-18 17:22:32,0.0
2026-04-18 17:22:32,0.0
2026-04-18 17:22:32,0.0
2026-04-18 17:22:32,0.0
2026-04-18 17:22:32,0.0
2026-04-18 17:22:32,0.0
2026-04-18 17:22:33,0.0
2026-04-18 17:22:33,0.0
2026-04-18 17:22:33,0.0
2026-04-18 17:22:33,0.0
2026-04-18 17:22:33,0.0
2026-04-18 17:22:33,0.0
2026-04-18 17:22:33,0.0
2026-04-18 17:22:33,0.0
2026-04-18 17:22:33,0.0
2026-04-18 17:22:34,0.0
2026-04-18 17:22:34,0.0
2026-04-18 17:22:34,0.0
2026-04-18 17:22:34,0.0
2026-04-18 17:22:34,0.0
2026-04-18 17:22:34,0.0
2026-04-18 17:22:34,0.0
2026-04-18 17:22:34,0.0
2026-04-18 17:22:34,0.0
2026-04-18 17:22:35,0.0
2026-04-18 17:22:35,0.0
2026-04-18 17:22:35,0.0
2026-04-18 17:22:35,0.0
2026-04-18 17:22:35,0.0
2026-04-18 17:22:35,0.0
2026-04-18 17:22:35,0.0
2026-04-18 17:22:35,0.0
2026-04-18 17:22:35,0.0
2026-04-18 17:22:35,0.0
2026-04-18 17:22:36,0.0
2026-04-18 17:22:36,0.0
2026-04-18 17:22:36,0.0
2026-04-18 17:22:36,0.0
2026-04-18 17:22:36,0.0
2026-04-18 17:22:36,0.0
2026-04-18 17:22:36,0.0
2026-04-18 17:22:36,0.0
2026-04-18 17:22:36,0.0
2026-04-18 17:22:37,0.0
2026-04-18 17:22:37,0.0
2026-04-18 17:22:37,0.0
2026-04-18 17:22:37,0.0
2026-04-18 17:22:37,0.0
2026-04-18 17:22:37,0.0
2026-04-18 17:22:37,0.0
2026-04-18 17:22:37,0.0
2026-04-18 17:22:37,0.0
2026-04-18 17:22:38,0.0
2026-04-18 17:22:38,0.0
2026-04-18 17:22:38,0.0
2026-04-18 17:22:38,0.0
2026-04-18 17:22:38,0.0
2026-04-18 17:22:38,0.0
2026-04-18 17:22:38,0.0
2026-04-18 17:22:38,0.0
2026-04-18 17:22:38,0.0
2026-04-18 17:22:38,0.0
2026-04-18 17:22:39,0.0
2026-04-18 17:22:39,0.0
2026-04-18 17:22:39,0.0
2026-04-18 17:22:39,0.0
2026-04-18 17:22:39,0.0
2026-04-18 17:22:39,0.0
2026-04-18 17:22:39,0.0
2026-04-18 17:22:39,0.0
2026-04-18 17:22:39,0.0
2026-04-18 17:22:40,0.0
2026-04-18 17:22:40,0.0
2026-04-18 17:22:40,0.0
2026-04-18 17:22:40,0.0
2026-04-18 17:22:40,0.0
2026-04-18 17:22:40,0.0
2026-04-18 17:22:40,0.0
2026-04-18 17:22:40,0.0
2026-04-18 17:22:40,0.0
2026-04-18 17:22:40,0.0
2026-04-18 17:22:41,0.0
2026-04-18 17:22:41,0.0
2026-04-18 17:22:41,0.0
2026-04-18 17:22:41,0.0
2026-04-18 17:22:41,0.0
2026-04-18 17:22:41,0.0
2026-04-18 17:22:41,0.0
2026-04-18 17:22:41,0.0
2026-04-18 17:22:41,0.0
2026-04-18 17:22:42,0.0
2026-04-18 17:22:42,0.0
2026-04-18 17:22:42,0.0
2026-04-18 17:22:42,0.0
2026-04-18 17:22:42,0.0
2026-04-18 17:22:42,0.0
2026-04-18 17:22:42,0.0
2026-04-18 17:22:42,0.0
2026-04-18 17:22:42,0.0
2026-04-18 17:22:43,0.0
2026-04-18 17:22:43,0.0
2026-04-18 17:22:43,0.0
2026-04-18 17:22:43,0.0
2026-04-18 17:22:43,0.0
2026-04-18 17:22:43,0.0
2026-04-18 17:22:43,0.0
2026-04-18 17:22:43,0.0
2026-04-18 17:22:43,0.0
2026-04-18 17:22:43,0.0
2026-04-18 17:22:44,0.0
2026-04-18 17:22:44,0.0
2026-04-18 17:22:44,0.0
2026-04-18 17:22:44,0.0
2026-04-18 17:22:44,0.0
2026-04-18 17:22:44,0.0
2026-04-18 17:22:44,0.0
2026-04-18 17:22:44,0.0
2026-04-18 17:22:44,0.0
2026-04-18 17:22:45,0.0
2026-04-18 17:22:45,0.0
2026-04-18 17:22:45,0.0
2026-04-18 17:22:45,0.0
2026-04-18 17:22:45,0.0
2026-04-18 17:22:45,0.0
2026-04-18 17:22:45,0.0
2026-04-18 17:22:45,0.0
2026-04-18 17:22:45,0.0
2026-04-18 17:22:46,0.0
2026-04-18 17:22:46,0.0
2026-04-18 17:22:46,0.0
2026-04-18 17:22:46,0.0
2026-04-18 17:22:46,0.0
2026-04-18 17:22:46,0.0
2026-04-18 17:22:46,0.0
2026-04-18 17:22:46,0.0
2026-04-18 17:22:46,0.0
2026-04-18 17:22:46,0.0
2026-04-18 17:22:47,0.0
2026-04-18 17:22:47,0.0
2026-04-18 17:22:47,0.0
2026-04-18 17:22:47,0.0
2026-04-18 17:22:47,0.0
2026-04-18 17:22:47,0.0
2026-04-18 17:22:47,0.0
2026-04-18 17:22:47,0.0
2026-04-18 17:22:47,0.0
2026-04-18 17:22:48,0.0
2026-04-18 17:22:48,0.0
2026-04-18 17:22:48,0.0
2026-04-18 17:22:48,0.0
2026-04-18 17:22:48,0.0
2026-04-18 17:22:48,0.0
2026-04-18 17:22:48,0.0
2026-04-18 17:22:48,0.0
2026-04-18 17:22:48,0.0
2026-04-18 17:22:48,0.0
2026-04-18 17:22:49,0.0
2026-04-18 17:22:49,0.0
2026-04-18 17:22:49,0.0
2026-04-18 17:22:49,0.0
2026-04-18 17:22:49,0.0
2026-04-18 17:22:49,0.0
2026-04-18 17:22:49,0.0
2026-04-18 17:22:49,0.0
2026-04-18 17:22:49,0.0
2026-04-18 17:22:50,0.0
2026-04-18 17:22:50,0.0
2026-04-18 17:22:50,0.0
2026-04-18 17:22:50,0.0
2026-04-18 17:22:50,0.0
2026-04-18 17:22:50,0.0
2026-04-18 17:22:50,0.0
2026-04-18 17:22:50,0.0
2026-04-18 17:22:50,0.0
2026-04-18 17:22:51,0.0
2026-04-18 17:22:51,0.0
2026-04-18 17:22:51,0.0
2026-04-18 17:22:51,0.0
2026-04-18 17:22:51,0.0
2026-04-18 17:22:51,0.0
2026-04-18 17:22:51,0.0
2026-04-18 17:22:51,0.0
2026-04-18 17:22:51,0.0
2026-04-18 17:22:51,0.0
2026-04-18 17:22:52,0.0
2026-04-18 17:22:52,0.0
2026-04-18 17:22:52,0.0
2026-04-18 17:22:52,0.0
2026-04-18 17:22:52,0.0
2026-04-18 17:22:52,0.0
2026-04-18 17:22:52,0.0
2026-04-18 17:22:52,0.0
2026-04-18 17:22:52,0.0
2026-04-18 17:22:53,0.0
2026-04-18 17:22:53,0.0
2026-04-18 17:22:53,0.0
2026-04-18 17:22:53,0.0
2026-04-18 17:22:53,0.0
2026-04-18 17:22:53,0.0
2026-04-18 17:22:53,0.0
2026-04-18 17:22:53,0.0
2026-04-18 17:22:53,0.0
2026-04-18 17:22:53,0.0
2026-04-18 17:22:54,0.0
2026-04-18 17:22:54,0.0
2026-04-18 17:22:54,0.0
2026-04-18 17:22:54,0.0
2026-04-18 17:22:54,0.0
2026-04-18 17:22:54,0.0
2026-04-18 17:22:54,0.0
2026-04-18 17:22:54,0.0
2026-04-18 17:22:54,0.0
2026-04-18 17:22:55,0.0
2026-04-18 17:22:55,0.0
2026-04-18 17:22:55,0.0
2026-04-18 17:22:55,0.0
2026-04-18 17:22:55,0.0
2026-04-18 17:22:55,0.0
2026-04-18 17:22:55,0.0
2026-04-18 17:22:55,0.0
2026-04-18 17:22:55,0.0
2026-04-18 17:22:56,0.0
2026-04-18 17:22:56,0.0
2026-04-18 17:22:56,0.0
2026-04-18 17:22:56,0.0
2026-04-18 17:22:56,0.0
2026-04-18 17:22:56,0.0
2026-04-18 17:22:56,0.0
2026-04-18 17:22:56,0.0
2026-04-18 17:22:56,0.0
2026-04-18 17:22:56,0.0
2026-04-18 17:22:57,0.0
2026-04-18 17:22:57,0.0
2026-04-18 17:22:57,0.0
2026-04-18 17:22:57,0.0
2026-04-18 17:22:57,0.0
2026-04-18 17:22:57,0.0
2026-04-18 17:22:57,0.0
2026-04-18 17:22:57,0.0
2026-04-18 17:22:57,0.0
2026-04-18 17:22:58,0.0
2026-04-18 17:22:58,0.0
2026-04-18 17:22:58,0.0
2026-04-18 17:22:58,0.0
2026-04-18 17:22:58,0.0
2026-04-18 17:22:58,0.0
2026-04-18 17:22:58,0.0
2026-04-18 17:22:58,0.0
2026-04-18 17:22:58,0.0
2026-04-18 17:22:59,0.0
2026-04-18 17:22:59,0.0
2026-04-18 17:22:59,0.0
2026-04-18 17:22:59,0.0
2026-04-18 17:22:59,0.0
2026-04-18 17:22:59,0.0
2026-04-18 17:22:59,0.0
2026-04-18 17:22:59,0.0
2026-04-18 17:22:59,0.0
2026-04-18 17:22:59,0.0
2026-04-18 17:23:00,0.0
2026-04-18 17:23:00,0.0
2026-04-18 17:23:00,0.0
2026-04-18 17:23:00,0.0
2026-04-18 17:23:00,0.0
2026-04-18 17:23:00,0.0
2026-04-18 17:23:00,0.0
2026-04-18 17:23:00,0.0
2026-04-18 17:23:00,0.0
2026-04-18 17:23:01,0.0
2026-04-18 17:23:01,0.0
2026-04-18 17:23:01,0.0
2026-04-18 17:23:01,0.0
2026-04-18 17:23:01,0.0
2026-04-18 17:23:01,0.0
2026-04-18 17:23:01,0.0
2026-04-18 17:23:01,0.0
2026-04-18 17:23:01,0.0
2026-04-18 17:23:01,0.0
2026-04-18 17:23:02,0.0
2026-04-18 17:23:02,0.0
2026-04-18 17:23:02,0.0
2026-04-18 17:23:02,0.0
2026-04-18 17:23:02,0.0
2026-04-18 17:23:02,0.0
2026-04-18 17:23:02,0.0
2026-04-18 17:23:02,0.0
2026-04-18 17:23:02,0.0
2026-04-18 17:23:03,0.0
2026-04-18 17:23:03,0.0
2026-04-18 17:23:03,0.0
2026-04-18 17:23:03,22.1
2026-04-18 17:23:03,27.3
2026-04-18 17:23:03,48.4
2026-04-18 17:23:03,59.1
2026-04-18 17:23:03,60.0
2026-04-18 17:23:03,60.2
2026-04-18 17:23:04,58.8
2026-04-18 17:23:04,57.5
2026-04-18 17:23:04,61.6
2026-04-18 17:23:04,63.3
2026-04-18 17:23:04,64.9
2026-04-18 17:23:04,66.2
2026-04-18 17:23:04,63.6
2026-04-18 17:23:04,29.7
2026-04-18 17:23:04,0.0
2026-04-18 17:23:04,0.0
2026-04-18 17:23:05,0.0
2026-04-18 17:23:05,0.0
2026-04-18 17:23:05,0.0
2026-04-18 17:23:05,0.0
2026-04-18 17:23:05,25.1
2026-04-18 17:23:05,53.6
2026-04-18 17:23:05,59.0
2026-04-18 17:23:05,55.1
2026-04-18 17:23:05,53.3
2026-04-18 17:23:06,53.2
2026-04-18 17:23:06,51.4
2026-04-18 17:23:06,0.0
2026-04-18 17:23:06,0.0
2026-04-18 17:23:06,0.0
2026-04-18 17:23:06,0.0
2026-04-18 17:23:06,0.0
2026-04-18 17:23:06,0.0
2026-04-18 17:23:06,0.0
2026-04-18 17:23:07,16.3
2026-04-18 17:23:07,84.3
2026-04-18 17:23:07,88.6
2026-04-18 17:23:07,58.3
2026-04-18 17:23:07,0.0
2026-04-18 17:23:07,0.0
2026-04-18 17:23:07,0.0
2026-04-18 17:23:07,0.0
2026-04-18 17:23:07,0.0
2026-04-18 17:23:07,0.0
2026-04-18 17:23:08,0.0
2026-04-18 17:23:08,0.0
2026-04-18 17:23:08,0.0
2026-04-18 17:23:08,0.0
2026-04-18 17:23:08,0.0
2026-04-18 17:23:08,0.0
2026-04-18 17:23:08,0.0
2026-04-18 17:23:08,0.0
2026-04-18 17:23:08,0.0
2026-04-18 17:23:09,8.2
2026-04-18 17:23:09,12.7
2026-04-18 17:23:09,15.1
2026-04-18 17:23:09,28.3
2026-04-18 17:23:09,55.4
2026-04-18 17:23:09,61.9
2026-04-18 17:23:09,62.9
2026-04-18 17:23:09,74.5
2026-04-18 17:23:09,79.0
2026-04-18 17:23:10,81.5
2026-04-18 17:23:10,84.1
2026-04-18 17:23:10,84.0
2026-04-18 17:23:10,83.5
2026-04-18 17:23:10,82.2
2026-04-18 17:23:10,81.7
2026-04-18 17:23:10,81.1
2026-04-18 17:23:10,81.7
2026-04-18 17:23:10,81.5
2026-04-18 17:23:10,80.5
2026-04-18 17:23:11,78.8
2026-04-18 17:23:11,79.6
2026-04-18 17:23:11,80.2
2026-04-18 17:23:11,81.1
2026-04-18 17:23:11,81.8
2026-04-18 17:23:11,81.0
2026-04-18 17:23:11,78.0
2026-04-18 17:23:11,70.1
2026-04-18 17:23:11,47.6
2026-04-18 17:23:12,0.0
2026-04-18 17:23:12,0.0
2026-04-18 17:23:12,0.0
2026-04-18 17:23:12,0.0
2026-04-18 17:23:12,0.0
2026-04-18 17:23:12,0.0
2026-04-18 17:23:12,0.0
2026-04-18 17:23:12,0.0
2026-04-18 17:23:12,0.0
2026-04-18 17:23:13,0.0
2026-04-18 17:23:13,0.0
2026-04-18 17:23:13,0.0
2026-04-18 17:23:13,0.0
2026-04-18 17:23:13,0.0
2026-04-18 17:23:13,0.0
2026-04-18 17:23:13,0.0
2026-04-18 17:23:13,0.0
2026-04-18 17:23:13,0.0
2026-04-18 17:23:13,0.0
2026-04-18 17:23:14,0.0
2026-04-18 17:23:14,0.0
2026-04-18 17:23:14,0.0
2026-04-18 17:23:14,0.0
2026-04-18 17:23:14,0.0
2026-04-18 17:23:14,0.0
2026-04-18 17:23:14,0.0
2026-04-18 17:23:14,0.0
2026-04-18 17:23:14,0.0
2026-04-18 17:23:15,0.0
2026-04-18 17:23:15,0.0
2026-04-18 17:23:15,0.0
2026-04-18 17:23:15,0.0
2026-04-18 17:23:15,0.0
2026-04-18 17:23:15,0.0
2026-04-18 17:23:15,0.0
2026-04-18 17:23:15,0.0
2026-04-18 17:23:15,0.0
2026-04-18 17:23:16,0.0
2026-04-18 17:23:16,0.0
2026-04-18 17:23:16,0.0
2026-04-18 17:23:16,0.0
2026-04-18 17:23:16,0.0
2026-04-18 17:23:16,0.0
2026-04-18 17:23:16,0.0
2026-04-18 17:23:16,0.0
2026-04-18 17:23:16,0.0
2026-04-18 17:23:16,0.0
2026-04-18 17:23:17,0.0
2026-04-18 17:23:17,0.0
2026-04-18 17:23:17,0.0
2026-04-18 17:23:17,0.0
2026-04-18 17:23:17,0.0
2026-04-18 17:23:17,0.0
2026-04-18 17:23:17,0.0
2026-04-18 17:23:17,0.0
2026-04-18 17:23:17,0.0
2026-04-18 17:23:18,0.0
2026-04-18 17:23:18,0.0
2026-04-18 17:23:18,0.0
2026-04-18 17:23:18,0.0
2026-04-18 17:23:18,0.0
2026-04-18 17:23:18,0.0
2026-04-18 17:23:18,0.0
2026-04-18 17:23:18,0.0
2026-04-18 17:23:18,0.0
2026-04-18 17:23:18,0.0
2026-04-18 17:23:19,0.0
2026-04-18 17:23:19,0.0
2026-04-18 17:23:19,0.0
2026-04-18 17:23:19,0.0
2026-04-18 17:23:19,0.0
2026-04-18 17:23:19,0.0
2026-04-18 17:23:19,0.0
2026-04-18 17:23:19,0.0
2026-04-18 17:23:19,0.0
2026-04-18 17:23:20,0.0
2026-04-18 17:23:20,0.0
2026-04-18 17:23:20,0.0
2026-04-18 17:23:20,0.0
2026-04-18 17:23:20,0.0
2026-04-18 17:23:20,0.0
2026-04-18 17:23:20,0.0
2026-04-18 17:23:20,0.0
2026-04-18 17:23:20,0.0
2026-04-18 17:23:21,0.0
2026-04-18 17:23:21,0.0
2026-04-18 17:23:21,0.0
2026-04-18 17:23:21,0.0
2026-04-18 17:23:21,0.0
2026-04-18 17:23:21,0.0
2026-04-18 17:23:21,0.0
2026-04-18 17:23:21,0.0
2026-04-18 17:23:21,0.0
2026-04-18 17:23:21,0.0
2026-04-18 17:23:22,0.0
2026-04-18 17:23:22,0.0
2026-04-18 17:23:22,0.0
2026-04-18 17:23:22,0.0
2026-04-18 17:23:22,0.0
2026-04-18 17:23:22,0.0
2026-04-18 17:23:22,0.0
2026-04-18 17:23:22,0.0
2026-04-18 17:23:22,0.0
2026-04-18 17:23:23,0.0
2026-04-18 17:23:23,0.0
2026-04-18 17:23:23,0.0
2026-04-18 17:23:23,0.0
2026-04-18 17:23:23,0.0
2026-04-18 17:23:23,0.0
2026-04-18 17:23:23,0.0
2026-04-18 17:23:23,0.0
2026-04-18 17:23:23,0.0
2026-04-18 17:23:23,0.0
2026-04-18 17:23:24,0.0
2026-04-18 17:23:24,0.0
2026-04-18 17:23:24,0.0
2026-04-18 17:23:24,0.0
2026-04-18 17:23:24,0.0
2026-04-18 17:23:24,0.0
2026-04-18 17:23:24,0.0
2026-04-18 17:23:24,0.0
2026-04-18 17:23:24,0.0
2026-04-18 17:23:25,0.0
2026-04-18 17:23:25,0.0
2026-04-18 17:23:25,0.0
2026-04-18 17:23:25,0.0
2026-04-18 17:23:25,0.0
2026-04-18 17:23:25,0.0
2026-04-18 17:23:25,0.0
2026-04-18 17:23:25,0.0
2026-04-18 17:23:25,0.0
2026-04-18 17:23:26,0.0
2026-04-18 17:23:26,0.0
2026-04-18 17:23:26,0.0
2026-04-18 17:23:26,0.0
2026-04-18 17:23:26,0.0
2026-04-18 17:23:26,0.0
2026-04-18 17:23:26,0.0
2026-04-18 17:23:26,0.0
2026-04-18 17:23:26,0.0
2026-04-18 17:23:26,0.0
2026-04-18 17:23:27,0.0
2026-04-18 17:23:27,0.0
2026-04-18 17:23:27,0.0
2026-04-18 17:23:27,0.0
2026-04-18 17:23:27,0.0
2026-04-18 17:23:27,0.0
2026-04-18 17:23:27,0.0
2026-04-18 17:23:27,0.0
2026-04-18 17:23:27,0.0
2026-04-18 17:23:28,0.0
2026-04-18 17:23:28,0.0
2026-04-18 17:23:28,0.0
2026-04-18 17:23:28,0.0
2026-04-18 17:23:28,0.0
2026-04-18 17:23:28,0.0
2026-04-18 17:23:28,0.0
2026-04-18 17:23:28,0.0
2026-04-18 17:23:28,0.0
2026-04-18 17:23:29,0.0
2026-04-18 17:23:29,0.0
2026-04-18 17:23:29,0.0
2026-04-18 17:23:29,0.0
2026-04-18 17:23:29,0.0
2026-04-18 17:23:29,0.0
2026-04-18 17:23:29,0.0
2026-04-18 17:23:29,0.0
2026-04-18 17:23:29,0.0
2026-04-18 17:23:29,0.0
2026-04-18 17:23:30,0.0
2026-04-18 17:23:30,0.0
2026-04-18 17:23:30,0.0
2026-04-18 17:23:30,0.0
2026-04-18 17:23:30,0.0
2026-04-18 17:23:30,0.0
2026-04-18 17:23:30,0.0
2026-04-18 17:23:30,0.0
2026-04-18 17:23:30,0.0
2026-04-18 17:23:31,0.0
2026-04-18 17:23:31,0.0
2026-04-18 17:23:31,0.0
2026-04-18 17:23:31,0.0
2026-04-18 17:23:31,0.0
2026-04-18 17:23:31,0.0
2026-04-18 17:23:31,0.0
2026-04-18 17:23:31,0.0
2026-04-18 17:23:31,0.0
2026-04-18 17:23:31,0.0
2026-04-18 17:23:32,0.0
2026-04-18 17:23:32,0.0
2026-04-18 17:23:32,0.0
2026-04-18 17:23:32,0.0
2026-04-18 17:23:32,0.0
2026-04-18 17:23:32,0.0
2026-04-18 17:23:32,0.0
2026-04-18 17:23:32,0.0
2026-04-18 17:23:32,0.0
2026-04-18 17:23:33,0.0
2026-04-18 17:23:33,0.0
2026-04-18 17:23:33,0.0
2026-04-18 17:23:33,0.0
2026-04-18 17:23:33,0.0
2026-04-18 17:23:33,0.0
2026-04-18 17:23:33,0.0
2026-04-18 17:23:33,0.0
2026-04-18 17:23:33,0.0
2026-04-18 17:23:34,0.0
2026-04-18 17:23:34,0.0
2026-04-18 17:23:34,0.0
2026-04-18 17:23:34,0.0
2026-04-18 17:23:34,0.0
2026-04-18 17:23:34,0.0
2026-04-18 17:23:34,0.0
2026-04-18 17:23:34,0.0
2026-04-18 17:23:34,0.0
2026-04-18 17:23:34,0.0
2026-04-18 17:23:35,0.0
2026-04-18 17:23:35,0.0
2026-04-18 17:23:35,0.0
2026-04-18 17:23:35,0.0
2026-04-18 17:23:35,0.0
2026-04-18 17:23:35,0.0
2026-04-18 17:23:35,0.0
2026-04-18 17:23:35,0.0
2026-04-18 17:23:35,0.0
2026-04-18 17:23:36,0.0
2026-04-18 17:23:36,0.0
2026-04-18 17:23:36,0.0
2026-04-18 17:23:36,0.0
2026-04-18 17:23:36,0.0
2026-04-18 17:23:36,0.0
2026-04-18 17:23:36,0.0
2026-04-18 17:23:36,0.0
2026-04-18 17:23:36,0.0
2026-04-18 17:23:37,0.0
2026-04-18 17:23:37,0.0
2026-04-18 17:23:37,0.0
2026-04-18 17:23:37,0.0
2026-04-18 17:23:37,0.0
2026-04-18 17:23:37,0.0
2026-04-18 17:23:37,0.0
2026-04-18 17:23:37,0.0
2026-04-18 17:23:37,0.0
2026-04-18 17:23:37,0.0
2026-04-18 17:23:38,0.0
2026-04-18 17:23:38,0.0
2026-04-18 17:23:38,0.0
2026-04-18 17:23:38,0.0
2026-04-18 17:23:38,0.0
2026-04-18 17:23:38,0.0
2026-04-18 17:23:38,0.0
2026-04-18 17:23:38,0.0
2026-04-18 17:23:38,0.0
2026-04-18 17:23:39,0.0
2026-04-18 17:23:39,0.0
2026-04-18 17:23:39,0.0
2026-04-18 17:23:39,0.0
2026-04-18 17:23:39,0.0
2026-04-18 17:23:39,0.0
2026-04-18 17:23:39,0.0
2026-04-18 17:23:39,0.0
2026-04-18 17:23:39,0.0
2026-04-18 17:23:39,0.0
2026-04-18 17:23:40,0.0
2026-04-18 17:23:40,0.0
2026-04-18 17:23:40,0.0
2026-04-18 17:23:40,0.0
2026-04-18 17:23:40,0.0
2026-04-18 17:23:40,0.0
2026-04-18 17:23:40,0.0
2026-04-18 17:23:40,0.0
2026-04-18 17:23:40,0.0
2026-04-18 17:23:41,0.0
2026-04-18 17:23:41,0.0
2026-04-18 17:23:41,0.0
2026-04-18 17:23:41,0.0
2026-04-18 17:23:41,0.0
2026-04-18 17:23:41,0.0
2026-04-18 17:23:41,0.0
2026-04-18 17:23:41,0.0
2026-04-18 17:23:41,0.0
2026-04-18 17:23:42,0.0
2026-04-18 17:23:42,0.0
2026-04-18 17:23:42,0.0
2026-04-18 17:23:42,0.0
2026-04-18 17:23:42,0.0
2026-04-18 17:23:42,0.0
2026-04-18 17:23:42,0.0
2026-04-18 17:23:42,0.0
2026-04-18 17:23:42,0.0
2026-04-18 17:23:42,0.0
2026-04-18 17:23:43,0.0
2026-04-18 17:23:43,0.0
2026-04-18 17:23:43,0.0
2026-04-18 17:23:43,0.0
2026-04-18 17:23:43,0.0
2026-04-18 17:23:43,0.0
2026-04-18 17:23:43,0.0
2026-04-18 17:23:43,0.0
2026-04-18 17:23:43,0.0
2026-04-18 17:23:44,0.0
2026-04-18 17:23:44,0.0
2026-04-18 17:23:44,0.0
2026-04-18 17:23:44,0.0
2026-04-18 17:23:44,0.0
2026-04-18 17:23:44,0.0
2026-04-18 17:23:44,0.0
2026-04-18 17:23:44,0.0
2026-04-18 17:23:44,0.0
2026-04-18 17:23:45,0.0
2026-04-18 17:23:45,0.0
2026-04-18 17:23:45,0.0
2026-04-18 17:23:45,0.0
2026-04-18 17:23:45,0.0
2026-04-18 17:23:45,0.0
2026-04-18 17:23:45,0.0
2026-04-18 17:23:45,0.0
2026-04-18 17:23:45,0.0
2026-04-18 17:23:45,0.0
2026-04-18 17:23:46,0.0
2026-04-18 17:23:46,0.0
2026-04-18 17:23:46,0.0
2026-04-18 17:23:46,0.0
2026-04-18 17:23:46,0.0
2026-04-18 17:23:46,0.0
2026-04-18 17:23:46,0.0
2026-04-18 17:23:46,0.0
2026-04-18 17:23:46,0.0
2026-04-18 17:23:47,0.0
2026-04-18 17:23:47,0.0
2026-04-18 17:23:47,0.0
2026-04-18 17:23:47,0.0
2026-04-18 17:23:47,0.0
2026-04-18 17:23:47,0.0
2026-04-18 17:23:47,0.0
2026-04-18 17:23:47,0.0
2026-04-18 17:23:47,0.0
2026-04-18 17:23:47,0.0
2026-04-18 17:23:48,0.0
2026-04-18 17:23:48,0.0
2026-04-18 17:23:48,0.0
2026-04-18 17:23:48,0.0
2026-04-18 17:23:48,0.0
2026-04-18 17:23:48,0.0
2026-04-18 17:23:48,0.0
2026-04-18 17:23:48,0.0
2026-04-18 17:23:48,0.0
2026-04-18 17:23:49,0.0
2026-04-18 17:23:49,0.0
2026-04-18 17:23:49,0.0
2026-04-18 17:23:49,0.0
2026-04-18 17:23:49,0.0
2026-04-18 17:23:49,0.0
2026-04-18 17:23:49,0.0
2026-04-18 17:23:49,0.0
2026-04-18 17:23:49,0.0
2026-04-18 17:23:50,0.0
2026-04-18 17:23:50,0.0
2026-04-18 17:23:50,0.0
2026-04-18 17:23:50,0.0
2026-04-18 17:23:50,0.0
2026-04-18 17:23:50,0.0
2026-04-18 17:23:50,0.0
2026-04-18 17:23:50,0.0
2026-04-18 17:23:50,0.0
2026-04-18 17:23:50,0.0
2026-04-18 17:23:51,0.0
2026-04-18 17:23:51,0.0
2026-04-18 17:23:51,0.0
2026-04-18 17:23:51,0.0
2026-04-18 17:23:51,0.0
2026-04-18 17:23:51,0.0
2026-04-18 17:23:51,0.0
2026-04-18 17:23:51,0.0
2026-04-18 17:23:51,0.0
2026-04-18 17:23:52,0.0
2026-04-18 17:23:52,0.0
2026-04-18 17:23:52,0.0
2026-04-18 17:23:52,0.0
2026-04-18 17:23:52,0.0
2026-04-18 17:23:52,0.0
2026-04-18 17:23:52,0.0
2026-04-18 17:23:52,0.0
2026-04-18 17:23:52,0.0
2026-04-18 17:23:52,0.0
2026-04-18 17:23:53,0.0
2026-04-18 17:23:53,0.0
2026-04-18 17:23:53,0.0
2026-04-18 17:23:53,0.0
2026-04-18 17:23:53,0.0
2026-04-18 17:23:53,0.0
2026-04-18 17:23:53,0.0
2026-04-18 17:23:53,0.0
2026-04-18 17:23:53,0.0
2026-04-18 17:23:54,0.0
2026-04-18 17:23:54,0.0
2026-04-18 17:23:54,0.0
2026-04-18 17:23:54,0.0
2026-04-18 17:23:54,0.0
2026-04-18 17:23:54,0.0
2026-04-18 17:23:54,0.0
2026-04-18 17:23:54,0.0
2026-04-18 17:23:54,0.0
2026-04-18 17:23:55,0.0
2026-04-18 17:23:55,0.0
2026-04-18 17:23:55,0.0
2026-04-18 17:23:55,0.0
2026-04-18 17:23:55,0.0
2026-04-18 17:23:55,0.0
2026-04-18 17:23:55,0.0
2026-04-18 17:23:55,0.0
2026-04-18 17:23:55,0.0
2026-04-18 17:23:55,0.0
2026-04-18 17:23:56,0.0
2026-04-18 17:23:56,0.0
2026-04-18 17:23:56,0.0
2026-04-18 17:23:56,0.0
2026-04-18 17:23:56,0.0
2026-04-18 17:23:56,0.0
2026-04-18 17:23:56,0.0
2026-04-18 17:23:56,0.0
2026-04-18 17:23:56,0.0
2026-04-18 17:23:57,0.0
2026-04-18 17:23:57,0.0
2026-04-18 17:23:57,0.0
2026-04-18 17:23:57,0.0
2026-04-18 17:23:57,0.0
2026-04-18 17:23:57,0.0
2026-04-18 17:23:57,0.0
2026-04-18 17:23:57,0.0
2026-04-18 17:23:57,0.0
2026-04-18 17:23:58,0.0
2026-04-18 17:23:58,0.0
2026-04-18 17:23:58,0.0
2026-04-18 17:23:58,0.0
2026-04-18 17:23:58,0.0
2026-04-18 17:23:58,0.0
2026-04-18 17:23:58,0.0
2026-04-18 17:23:58,0.0
2026-04-18 17:23:58,0.0
2026-04-18 17:23:58,0.0
2026-04-18 17:23:59,0.0
2026-04-18 17:23:59,0.0
2026-04-18 17:23:59,0.0
2026-04-18 17:23:59,0.0
2026-04-18 17:23:59,0.0
2026-04-18 17:23:59,0.0
2026-04-18 17:23:59,0.0
2026-04-18 17:23:59,0.0
2026-04-18 17:23:59,0.0
2026-04-18 17:24:00,0.0
2026-04-18 17:24:00,0.0
2026-04-18 17:24:00,0.0
2026-04-18 17:24:00,0.0
2026-04-18 17:24:00,0.0
2026-04-18 17:24:00,0.0
2026-04-18 17:24:00,0.0
2026-04-18 17:24:00,0.0
2026-04-18 17:24:00,0.0
2026-04-18 17:24:00,0.0
2026-04-18 17:24:01,0.0
2026-04-18 17:24:01,0.0
2026-04-18 17:24:01,0.0
2026-04-18 17:24:01,0.0
2026-04-18 17:24:01,0.0
2026-04-18 17:24:01,0.0
2026-04-18 17:24:01,0.0
2026-04-18 17:24:01,0.0
2026-04-18 17:24:01,0.0
2026-04-18 17:24:02,0.0
2026-04-18 17:24:02,0.0
2026-04-18 17:24:02,0.0
2026-04-18 17:24:02,0.0
2026-04-18 17:24:02,0.0
2026-04-18 17:24:02,0.0
2026-04-18 17:24:02,0.0
2026-04-18 17:24:02,0.0
2026-04-18 17:24:02,0.0
2026-04-18 17:24:03,0.0
2026-04-18 17:24:03,0.0
2026-04-18 17:24:03,0.0
2026-04-18 17:24:03,0.0
2026-04-18 17:24:03,0.0
2026-04-18 17:24:03,0.0
2026-04-18 17:24:03,0.0
2026-04-18 17:24:03,0.0
2026-04-18 17:24:03,0.0
2026-04-18 17:24:03,0.0
2026-04-18 17:24:04,0.0
2026-04-18 17:24:04,0.0
2026-04-18 17:24:04,0.0
2026-04-18 17:24:04,0.0
2026-04-18 17:24:04,0.0
2026-04-18 17:24:04,0.0
2026-04-18 17:24:04,0.0
2026-04-18 17:24:04,0.0
2026-04-18 17:24:04,0.0
2026-04-18 17:24:05,0.0
2026-04-18 17:24:05,0.0
2026-04-18 17:24:05,0.0
2026-04-18 17:24:05,0.0
2026-04-18 17:24:05,0.0
2026-04-18 17:24:05,0.0
2026-04-18 17:24:05,0.0
2026-04-18 17:24:05,0.0
2026-04-18 17:24:05,0.0
2026-04-18 17:24:06,0.0
2026-04-18 17:24:06,0.0
2026-04-18 17:24:06,0.0
2026-04-18 17:24:06,0.0
2026-04-18 17:24:06,0.0
2026-04-18 17:24:06,0.0
2026-04-18 17:24:06,0.0
2026-04-18 17:24:06,0.0
2026-04-18 17:24:06,0.0
2026-04-18 17:24:06,0.0
2026-04-18 17:24:07,0.0
2026-04-18 17:24:07,0.0
2026-04-18 17:24:07,0.0
2026-04-18 17:24:07,0.0
2026-04-18 17:24:07,0.0
2026-04-18 17:24:07,0.0
2026-04-18 17:24:07,0.0
2026-04-18 17:24:07,0.0
2026-04-18 17:24:07,0.0
2026-04-18 17:24:08,0.0
2026-04-18 17:24:08,0.0
2026-04-18 17:24:08,0.0
2026-04-18 17:24:08,0.0
2026-04-18 17:24:08,0.0
2026-04-18 17:24:08,0.0
2026-04-18 17:24:08,0.0
2026-04-18 17:24:08,0.0
2026-04-18 17:24:08,0.0
2026-04-18 17:24:08,0.0
2026-04-18 17:24:09,0.0
2026-04-18 17:24:09,0.0
2026-04-18 17:24:09,0.0
2026-04-18 17:24:09,0.0
2026-04-18 17:24:09,0.0
2026-04-18 17:24:09,0.0
2026-04-18 17:24:09,0.0
2026-04-18 17:24:09,0.0
2026-04-18 17:24:09,0.0
2026-04-18 17:24:10,0.0
2026-04-18 17:24:10,0.0
2026-04-18 17:24:10,0.0
2026-04-18 17:24:10,0.0
2026-04-18 17:24:10,0.0
2026-04-18 17:24:10,0.0
2026-04-18 17:24:10,0.0
2026-04-18 17:24:10,0.0
2026-04-18 17:24:10,0.0
2026-04-18 17:24:11,0.0
2026-04-18 17:24:11,0.0
2026-04-18 17:24:11,0.0
2026-04-18 17:24:11,0.0
2026-04-18 17:24:11,0.0
2026-04-18 17:24:11,0.0
2026-04-18 17:24:11,0.0
2026-04-18 17:24:11,0.0
2026-04-18 17:24:11,0.0
2026-04-18 17:24:11,0.0
2026-04-18 17:24:12,0.0
2026-04-18 17:24:12,0.0
2026-04-18 17:24:12,0.0
2026-04-18 17:24:12,0.0
2026-04-18 17:24:12,0.0
2026-04-18 17:24:12,0.0
2026-04-18 17:24:12,0.0
2026-04-18 17:24:12,0.0
2026-04-18 17:24:12,0.0
2026-04-18 17:24:13,0.0
2026-04-18 17:24:13,0.0
2026-04-18 17:24:13,0.0
2026-04-18 17:24:13,0.0
2026-04-18 17:24:13,0.0
2026-04-18 17:24:13,0.0
2026-04-18 17:24:13,0.0
2026-04-18 17:24:13,0.0
2026-04-18 17:24:13,0.0
2026-04-18 17:24:14,0.0
2026-04-18 17:24:14,0.0
2026-04-18 17:24:14,0.0
2026-04-18 17:24:14,0.0
2026-04-18 17:24:14,0.0
2026-04-18 17:24:14,0.0
2026-04-18 17:24:14,0.0
2026-04-18 17:24:14,0.0
2026-04-18 17:24:14,0.0
2026-04-18 17:24:14,0.0
2026-04-18 17:24:15,0.0
2026-04-18 17:24:15,0.0
2026-04-18 17:24:15,0.0
2026-04-18 17:24:15,0.0
2026-04-18 17:24:15,0.0
2026-04-18 17:24:15,0.0
2026-04-18 17:24:15,0.0
2026-04-18 17:24:15,0.0
2026-04-18 17:24:15,0.0
2026-04-18 17:24:16,0.0
2026-04-18 17:24:16,0.0
2026-04-18 17:24:16,0.0
2026-04-18 17:24:16,0.0
2026-04-18 17:24:16,0.0
2026-04-18 17:24:16,0.0
2026-04-18 17:24:16,0.0
2026-04-18 17:24:16,0.0
2026-04-18 17:24:16,0.0
2026-04-18 17:24:16,0.0
2026-04-18 17:24:17,0.0
2026-04-18 17:24:17,0.0
2026-04-18 17:24:17,0.0
2026-04-18 17:24:17,0.0
2026-04-18 17:24:17,0.0
2026-04-18 17:24:17,0.0
2026-04-18 17:24:17,0.0
2026-04-18 17:24:17,0.0
2026-04-18 17:24:17,0.0
2026-04-18 17:24:18,0.0
2026-04-18 17:24:18,0.0
2026-04-18 17:24:18,0.0
2026-04-18 17:24:18,0.0
2026-04-18 17:24:18,0.0
2026-04-18 17:24:18,0.0
2026-04-18 17:24:18,0.0
2026-04-18 17:24:18,0.0
2026-04-18 17:24:18,0.0
2026-04-18 17:24:19,0.0
2026-04-18 17:24:19,0.0
2026-04-18 17:24:19,0.0
2026-04-18 17:24:19,0.0
2026-04-18 17:24:19,0.0
2026-04-18 17:24:19,0.0
2026-04-18 17:24:19,0.0
2026-04-18 17:24:19,0.0
2026-04-18 17:24:19,0.0
2026-04-18 17:24:19,0.0
2026-04-18 17:24:20,0.0
2026-04-18 17:24:20,0.0
2026-04-18 17:24:20,0.0
2026-04-18 17:24:20,0.0
2026-04-18 17:24:20,0.0
2026-04-18 17:24:20,0.0
2026-04-18 17:24:20,0.0
2026-04-18 17:24:20,0.0
2026-04-18 17:24:20,0.0
2026-04-18 17:24:21,0.0
2026-04-18 17:24:21,0.0
2026-04-18 17:24:21,0.0
2026-04-18 17:24:21,0.0
2026-04-18 17:24:21,0.0
2026-04-18 17:24:21,0.0
2026-04-18 17:24:21,0.0
2026-04-18 17:24:21,0.0
2026-04-18 17:24:21,0.0
2026-04-18 17:24:22,0.0
2026-04-18 17:24:22,0.0
2026-04-18 17:24:22,0.0
2026-04-18 17:24:22,0.0
2026-04-18 17:24:22,0.0
2026-04-18 17:24:22,0.0
2026-04-18 17:24:22,0.0
2026-04-18 17:24:22,0.0
2026-04-18 17:24:22,0.0
2026-04-18 17:24:22,0.0
2026-04-18 17:24:23,0.0
2026-04-18 17:24:23,0.0
2026-04-18 17:24:23,0.0
2026-04-18 17:24:23,0.0
2026-04-18 17:24:23,0.0
2026-04-18 17:24:23,0.0
2026-04-18 17:24:23,0.0
2026-04-18 17:24:23,0.0
2026-04-18 17:24:23,0.0
2026-04-18 17:24:24,0.0
2026-04-18 17:24:24,0.0
2026-04-18 17:24:24,0.0
2026-04-18 17:24:24,0.0
2026-04-18 17:24:24,0.0
2026-04-18 17:24:24,0.0
2026-04-18 17:24:24,0.0
2026-04-18 17:24:24,0.0
2026-04-18 17:24:24,0.0
2026-04-18 17:24:24,0.0
2026-04-18 17:24:25,0.0
2026-04-18 17:24:25,0.0
2026-04-18 17:24:25,0.0
2026-04-18 17:24:25,0.0
2026-04-18 17:24:25,0.0
2026-04-18 17:24:25,0.0
2026-04-18 17:24:25,0.0
2026-04-18 17:24:25,0.0
2026-04-18 17:24:25,0.0
2026-04-18 17:24:26,0.0
2026-04-18 17:24:26,0.0
2026-04-18 17:24:26,0.0
2026-04-18 17:24:26,0.0
2026-04-18 17:24:26,0.0
2026-04-18 17:24:26,0.0
2026-04-18 17:24:26,0.0
2026-04-18 17:24:26,0.0
2026-04-18 17:24:26,0.0
2026-04-18 17:24:27,0.0
2026-04-18 17:24:27,0.0
2026-04-18 17:24:27,0.0
2026-04-18 17:24:27,0.0
2026-04-18 17:24:27,0.0
2026-04-18 17:24:27,0.0
2026-04-18 17:24:27,0.0
2026-04-18 17:24:27,0.0
2026-04-18 17:24:27,0.0
2026-04-18 17:24:27,0.0
2026-04-18 17:24:28,0.0
2026-04-18 17:24:28,0.0
2026-04-18 17:24:28,0.0
2026-04-18 17:24:28,0.0
2026-04-18 17:24:28,0.0
2026-04-18 17:24:28,0.0
2026-04-18 17:24:28,0.0
2026-04-18 17:24:28,0.0
2026-04-18 17:24:28,0.0
2026-04-18 17:24:29,0.0
2026-04-18 17:24:29,0.0
2026-04-18 17:24:29,0.0
2026-04-18 17:24:29,0.0
2026-04-18 17:24:29,0.0
2026-04-18 17:24:29,0.0
2026-04-18 17:24:29,0.0
2026-04-18 17:24:29,0.0
2026-04-18 17:24:29,0.0
2026-04-18 17:24:29,0.0
2026-04-18 17:24:30,0.0
2026-04-18 17:24:30,0.0
2026-04-18 17:24:30,0.0
2026-04-18 17:24:30,0.0
2026-04-18 17:24:30,0.0
2026-04-18 17:24:30,0.0
2026-04-18 17:24:30,0.0
2026-04-18 17:24:30,0.0
2026-04-18 17:24:30,0.0
2026-04-18 17:24:31,0.0
2026-04-18 17:24:31,0.0
2026-04-18 17:24:31,0.0
2026-04-18 17:24:31,0.0
2026-04-18 17:24:31,0.0
2026-04-18 17:24:31,0.0
2026-04-18 17:24:31,0.0
2026-04-18 17:24:31,0.0
2026-04-18 17:24:31,0.0
2026-04-18 17:24:32,0.0
2026-04-18 17:24:32,0.0
2026-04-18 17:24:32,0.0
2026-04-18 17:24:32,0.0
2026-04-18 17:24:32,0.0
2026-04-18 17:24:32,0.0
2026-04-18 17:24:32,0.0
2026-04-18 17:24:32,0.0
2026-04-18 17:24:32,0.0
2026-04-18 17:24:32,0.0
2026-04-18 17:24:33,0.0
2026-04-18 17:24:33,0.0
2026-04-18 17:24:33,0.0
2026-04-18 17:24:33,0.0
2026-04-18 17:24:33,0.0
2026-04-18 17:24:33,0.0
2026-04-18 17:24:33,0.0
2026-04-18 17:24:33,0.0
2026-04-18 17:24:33,0.0
2026-04-18 17:24:34,0.0
2026-04-18 17:24:34,0.0
2026-04-18 17:24:34,0.0
2026-04-18 17:24:34,0.0
2026-04-18 17:24:34,0.0
2026-04-18 17:24:34,0.0
2026-04-18 17:24:34,0.0
2026-04-18 17:24:34,0.0
2026-04-18 17:24:34,0.0
2026-04-18 17:24:35,0.0
2026-04-18 17:24:35,0.0
2026-04-18 17:24:35,0.0
2026-04-18 17:24:35,0.0
2026-04-18 17:24:35,0.0
2026-04-18 17:24:35,0.0
2026-04-18 17:24:35,0.0
2026-04-18 17:24:35,0.0
2026-04-18 17:24:35,0.0
2026-04-18 17:24:35,0.0
2026-04-18 17:24:36,0.0
2026-04-18 17:24:36,0.0
2026-04-18 17:24:36,0.0
2026-04-18 17:24:36,0.0
2026-04-18 17:24:36,0.0
2026-04-18 17:24:36,0.0
2026-04-18 17:24:36,0.0
2026-04-18 17:24:36,0.0
2026-04-18 17:24:36,0.0
2026-04-18 17:24:37,0.0
2026-04-18 17:24:37,0.0
2026-04-18 17:24:37,0.0
2026-04-18 17:24:37,0.0
2026-04-18 17:24:37,0.0
2026-04-18 17:24:37,0.0
2026-04-18 17:24:37,0.0
2026-04-18 17:24:37,0.0
2026-04-18 17:24:37,0.0
2026-04-18 17:24:37,0.0
2026-04-18 17:24:38,0.0
2026-04-18 17:24:38,0.0
2026-04-18 17:24:38,0.0
2026-04-18 17:24:38,0.0
2026-04-18 17:24:38,0.0
2026-04-18 17:24:38,0.0
2026-04-18 17:24:38,0.0
2026-04-18 17:24:38,0.0
2026-04-18 17:24:38,0.0
2026-04-18 17:24:39,0.0
2026-04-18 17:24:39,0.0
2026-04-18 17:24:39,0.0
2026-04-18 17:24:39,0.0
2026-04-18 17:24:39,0.0
2026-04-18 17:24:39,0.0
2026-04-18 17:24:39,0.0
2026-04-18 17:24:39,0.0
2026-04-18 17:24:39,0.0
2026-04-18 17:24:40,0.0
2026-04-18 17:24:40,0.0
2026-04-18 17:24:40,0.0
2026-04-18 17:24:40,0.0
2026-04-18 17:24:40,0.0
2026-04-18 17:24:40,0.0
2026-04-18 17:24:40,0.0
2026-04-18 17:24:40,0.0
2026-04-18 17:24:40,0.0
2026-04-18 17:24:40,0.0
2026-04-18 17:24:41,0.0
2026-04-18 17:24:41,0.0
2026-04-18 17:24:41,0.0
2026-04-18 17:24:41,0.0
2026-04-18 17:24:41,0.0
2026-04-18 17:24:41,0.0
2026-04-18 17:24:41,0.0
2026-04-18 17:24:41,0.0
2026-04-18 17:24:41,0.0
2026-04-18 17:24:42,0.0
2026-04-18 17:24:42,0.0
2026-04-18 17:24:42,0.0
2026-04-18 17:24:42,0.0
2026-04-18 17:24:42,0.0
2026-04-18 17:24:42,0.0
2026-04-18 17:24:42,0.0
2026-04-18 17:24:42,0.0
2026-04-18 17:24:42,0.0
2026-04-18 17:24:43,0.0
2026-04-18 17:24:43,0.0
2026-04-18 17:24:43,0.0
2026-04-18 17:24:43,0.0
2026-04-18 17:24:43,0.0
2026-04-18 17:24:43,0.0
2026-04-18 17:24:43,0.0
2026-04-18 17:24:43,0.0
2026-04-18 17:24:43,0.0
2026-04-18 17:24:43,0.0
2026-04-18 17:24:44,0.0
2026-04-18 17:24:44,0.0
2026-04-18 17:24:44,0.0
2026-04-18 17:24:44,0.0
2026-04-18 17:24:44,0.0
2026-04-18 17:24:44,0.0
2026-04-18 17:24:44,0.0
2026-04-18 17:24:44,0.0
2026-04-18 17:24:44,0.0
2026-04-18 17:24:45,0.0
2026-04-18 17:24:45,0.0
2026-04-18 17:24:45,0.0
2026-04-18 17:24:45,0.0
2026-04-18 17:24:45,0.0
2026-04-18 17:24:45,0.0
2026-04-18 17:24:45,0.0
2026-04-18 17:24:45,0.0
2026-04-18 17:24:45,0.0
2026-04-18 17:24:45,0.0
2026-04-18 17:24:46,0.0
2026-04-18 17:24:46,0.0
2026-04-18 17:24:46,0.0
2026-04-18 17:24:46,0.0
2026-04-18 17:24:46,0.0
2026-04-18 17:24:46,0.0
2026-04-18 17:24:46,0.0
2026-04-18 17:24:46,0.0
2026-04-18 17:24:46,0.0
2026-04-18 17:24:47,0.0
2026-04-18 17:24:47,0.0
2026-04-18 17:24:47,0.0
2026-04-18 17:24:47,0.0
2026-04-18 17:24:47,0.0
2026-04-18 17:24:47,0.0
2026-04-18 17:24:47,0.0
2026-04-18 17:24:47,0.0
2026-04-18 17:24:47,0.0
2026-04-18 17:24:48,0.0
2026-04-18 17:24:48,0.0
2026-04-18 17:24:48,0.0
2026-04-18 17:24:48,0.0
2026-04-18 17:24:48,0.0
2026-04-18 17:24:48,0.0
2026-04-18 17:24:48,0.0
2026-04-18 17:24:48,0.0
2026-04-18 17:24:48,0.0
2026-04-18 17:24:48,0.0
2026-04-18 17:24:49,0.0
2026-04-18 17:24:49,0.0
2026-04-18 17:24:49,0.0
2026-04-18 17:24:49,0.0
2026-04-18 17:24:49,0.0
2026-04-18 17:24:49,0.0
2026-04-18 17:24:49,0.0
2026-04-18 17:24:49,0.0
2026-04-18 17:24:49,0.0
2026-04-18 17:24:50,0.0
2026-04-18 17:24:50,0.0
2026-04-18 17:24:50,0.0
2026-04-18 17:24:50,0.0
2026-04-18 17:24:50,0.0
2026-04-18 17:24:50,0.0
2026-04-18 17:24:50,0.0
2026-04-18 17:24:50,0.0
2026-04-18 17:24:50,0.0
2026-04-18 17:24:51,0.0
2026-04-18 17:24:51,0.0
2026-04-18 17:24:51,0.0
2026-04-18 17:24:51,0.0
2026-04-18 17:24:51,0.0
2026-04-18 17:24:51,0.0
2026-04-18 17:24:51,0.0
2026-04-18 17:24:51,0.0
2026-04-18 17:24:51,0.0
2026-04-18 17:24:51,0.0
2026-04-18 17:24:52,0.0
2026-04-18 17:24:52,0.0
2026-04-18 17:24:52,0.0
2026-04-18 17:24:52,0.0
2026-04-18 17:24:52,0.0
2026-04-18 17:24:52,0.0
2026-04-18 17:24:52,0.0
2026-04-18 17:24:52,0.0
2026-04-18 17:24:52,0.0
2026-04-18 17:24:53,0.0
2026-04-18 17:24:53,0.0
2026-04-18 17:24:53,0.0
2026-04-18 17:24:53,0.0
2026-04-18 17:24:53,0.0
2026-04-18 17:24:53,0.0
2026-04-18 17:24:53,0.0
2026-04-18 17:24:53,0.0
2026-04-18 17:24:53,0.0
2026-04-18 17:24:53,0.0
2026-04-18 17:24:54,0.0
2026-04-18 17:24:54,0.0
2026-04-18 17:24:54,0.0
2026-04-18 17:24:54,0.0
2026-04-18 17:24:54,0.0
2026-04-18 17:24:54,0.0
2026-04-18 17:24:54,0.0
2026-04-18 17:24:54,0.0
2026-04-18 17:24:54,0.0
2026-04-18 17:24:55,0.0
2026-04-18 17:24:55,0.0
2026-04-18 17:24:55,0.0
2026-04-18 17:24:55,0.0
2026-04-18 17:24:55,0.0
2026-04-18 17:24:55,0.0
2026-04-18 17:24:55,0.0
2026-04-18 17:24:55,0.0
2026-04-18 17:24:55,0.0
2026-04-18 17:24:56,0.0
2026-04-18 17:24:56,0.0
2026-04-18 17:24:56,0.0
2026-04-18 17:24:56,0.0
2026-04-18 17:24:56,0.0
2026-04-18 17:24:56,0.0
2026-04-18 17:24:56,0.0
2026-04-18 17:24:56,0.0
2026-04-18 17:24:56,0.0
2026-04-18 17:24:56,0.0
2026-04-18 17:24:57,0.0
2026-04-18 17:24:57,0.0
2026-04-18 17:24:57,0.0
2026-04-18 17:24:57,0.0
2026-04-18 17:24:57,0.0
2026-04-18 17:24:57,0.0
2026-04-18 17:24:57,0.0
2026-04-18 17:24:57,0.0
2026-04-18 17:24:57,0.0
2026-04-18 17:24:58,0.0
2026-04-18 17:24:58,0.0
2026-04-18 17:24:58,0.0
2026-04-18 17:24:58,0.0
2026-04-18 17:24:58,0.0
2026-04-18 17:24:58,0.0
2026-04-18 17:24:58,0.0
2026-04-18 17:24:58,0.0
2026-04-18 17:24:58,0.0
2026-04-18 17:24:58,0.0
2026-04-18 17:24:59,0.0
2026-04-18 17:24:59,0.0
2026-04-18 17:24:59,0.0
2026-04-18 17:24:59,0.0
2026-04-18 17:24:59,0.0
2026-04-18 17:24:59,0.0
2026-04-18 17:24:59,0.0
2026-04-18 17:24:59,0.0
2026-04-18 17:24:59,0.0
2026-04-18 17:25:00,0.0
2026-04-18 17:25:00,0.0
2026-04-18 17:25:00,0.0
2026-04-18 17:25:00,0.0
2026-04-18 17:25:00,0.0
2026-04-18 17:25:00,0.0
2026-04-18 17:25:00,0.0
2026-04-18 17:25:00,0.0
2026-04-18 17:25:00,0.0
2026-04-18 17:25:01,0.0
2026-04-18 17:25:01,0.0
2026-04-18 17:25:01,0.0
2026-04-18 17:25:01,0.0
2026-04-18 17:25:01,0.0
2026-04-18 17:25:01,0.0
2026-04-18 17:25:01,0.0
2026-04-18 17:25:01,0.0
2026-04-18 17:25:01,0.0
2026-04-18 17:25:01,0.0
2026-04-18 17:25:02,0.0
2026-04-18 17:25:02,0.0
2026-04-18 17:25:02,0.0
2026-04-18 17:25:02,0.0
2026-04-18 17:25:02,0.0
2026-04-18 17:25:02,0.0
2026-04-18 17:25:02,0.0
2026-04-18 17:25:02,0.0
2026-04-18 17:25:02,0.0
2026-04-18 17:25:03,0.0
2026-04-18 17:25:03,0.0
2026-04-18 17:25:03,0.0
2026-04-18 17:25:03,0.0
2026-04-18 17:25:03,0.0
2026-04-18 17:25:03,0.0
2026-04-18 17:25:03,0.0
2026-04-18 17:25:03,0.0
2026-04-18 17:25:03,0.0
2026-04-18 17:25:04,0.0
2026-04-18 17:25:04,0.0
2026-04-18 17:25:04,0.0
2026-04-18 17:25:04,0.0
2026-04-18 17:25:04,0.0
2026-04-18 17:25:04,0.0
2026-04-18 17:25:04,0.0
2026-04-18 17:25:04,0.0
2026-04-18 17:25:04,0.0
2026-04-18 17:25:04,0.0
2026-04-18 17:25:05,0.0
2026-04-18 17:25:05,0.0
2026-04-18 17:25:05,0.0
2026-04-18 17:25:05,0.0
2026-04-18 17:25:05,0.0
2026-04-18 17:25:05,0.0
2026-04-18 17:25:05,0.0
2026-04-18 17:25:05,0.0
2026-04-18 17:25:05,0.0
2026-04-18 17:25:06,0.0
2026-04-18 17:25:06,0.0
2026-04-18 17:25:06,0.0
2026-04-18 17:25:06,0.0
2026-04-18 17:25:06,0.0
2026-04-18 17:25:06,0.0
2026-04-18 17:25:06,0.0
2026-04-18 17:25:06,0.0
2026-04-18 17:25:06,0.0
2026-04-18 17:25:06,0.0
2026-04-18 17:25:07,0.0
2026-04-18 17:25:07,0.0
2026-04-18 17:25:07,0.0
2026-04-18 17:25:07,0.0
2026-04-18 17:25:07,0.0
2026-04-18 17:25:07,0.0
2026-04-18 17:25:07,0.0
2026-04-18 17:25:07,0.0
2026-04-18 17:25:07,0.0
2026-04-18 17:25:08,0.0
2026-04-18 17:25:08,0.0
2026-04-18 17:25:08,0.0
2026-04-18 17:25:08,0.0
2026-04-18 17:25:08,0.0
2026-04-18 17:25:08,0.0
2026-04-18 17:25:08,0.0
2026-04-18 17:25:08,0.0
2026-04-18 17:25:08,0.0
2026-04-18 17:25:09,0.0
2026-04-18 17:25:09,0.0
2026-04-18 17:25:09,0.0
2026-04-18 17:25:09,0.0
2026-04-18 17:25:09,0.0
2026-04-18 17:25:09,0.0
2026-04-18 17:25:09,0.0
2026-04-18 17:25:09,0.0
2026-04-18 17:25:09,0.0
2026-04-18 17:25:09,0.0
2026-04-18 17:25:10,0.0
2026-04-18 17:25:10,0.0
2026-04-18 17:25:10,0.0
2026-04-18 17:25:10,0.0
2026-04-18 17:25:10,0.0
2026-04-18 17:25:10,0.0
2026-04-18 17:25:10,0.0
2026-04-18 17:25:10,0.0
2026-04-18 17:25:10,0.0
2026-04-18 17:25:11,0.0
2026-04-18 17:25:11,0.0
2026-04-18 17:25:11,0.0
2026-04-18 17:25:11,0.0
2026-04-18 17:25:11,0.0
2026-04-18 17:25:11,0.0
2026-04-18 17:25:11,0.0
2026-04-18 17:25:11,0.0
2026-04-18 17:25:11,0.0
2026-04-18 17:25:12,0.0
2026-04-18 17:25:12,0.0
2026-04-18 17:25:12,0.0
2026-04-18 17:25:12,0.0
2026-04-18 17:25:12,0.0
2026-04-18 17:25:12,0.0
2026-04-18 17:25:12,0.0
2026-04-18 17:25:12,0.0
2026-04-18 17:25:12,0.0
2026-04-18 17:25:12,0.0
2026-04-18 17:25:13,0.0
2026-04-18 17:25:13,0.0
2026-04-18 17:25:13,0.0
2026-04-18 17:25:13,0.0
2026-04-18 17:25:13,0.0
2026-04-18 17:25:13,0.0
2026-04-18 17:25:13,0.0
2026-04-18 17:25:13,0.0
2026-04-18 17:25:13,0.0
2026-04-18 17:25:14,0.0
2026-04-18 17:25:14,0.0
2026-04-18 17:25:14,0.0
2026-04-18 17:25:14,0.0
2026-04-18 17:25:14,0.0
2026-04-18 17:25:14,0.0
2026-04-18 17:25:14,0.0
2026-04-18 17:25:14,0.0
2026-04-18 17:25:14,0.0
2026-04-18 17:25:14,0.0
2026-04-18 17:25:15,0.0
2026-04-18 17:25:15,0.0
2026-04-18 17:25:15,0.0
2026-04-18 17:25:15,0.0
2026-04-18 17:25:15,0.0
2026-04-18 17:25:15,0.0
2026-04-18 17:25:15,0.0
2026-04-18 17:25:15,0.0
2026-04-18 17:25:15,0.0
2026-04-18 17:25:16,0.0
2026-04-18 17:25:16,0.0
2026-04-18 17:25:16,0.0
2026-04-18 17:25:16,0.0
2026-04-18 17:25:16,0.0
2026-04-18 17:25:16,0.0
2026-04-18 17:25:16,0.0
2026-04-18 17:25:16,0.0
2026-04-18 17:25:16,0.0
2026-04-18 17:25:17,0.0
2026-04-18 17:25:17,0.0
2026-04-18 17:25:17,0.0
2026-04-18 17:25:17,0.0
2026-04-18 17:25:17,0.0
2026-04-18 17:25:17,0.0
2026-04-18 17:25:17,0.0
2026-04-18 17:25:17,0.0
2026-04-18 17:25:17,0.0
2026-04-18 17:25:17,0.0
2026-04-18 17:25:18,0.0
2026-04-18 17:25:18,0.0
2026-04-18 17:25:18,0.0
2026-04-18 17:25:18,0.0
2026-04-18 17:25:18,0.0
2026-04-18 17:25:18,0.0
2026-04-18 17:25:18,0.0
2026-04-18 17:25:18,0.0
2026-04-18 17:25:18,0.0
2026-04-18 17:25:19,0.0
2026-04-18 17:25:19,0.0
2026-04-18 17:25:19,0.0
2026-04-18 17:25:19,0.0
2026-04-18 17:25:19,0.0
2026-04-18 17:25:19,0.0
2026-04-18 17:25:19,0.0
2026-04-18 17:25:19,0.0
2026-04-18 17:25:19,0.0
2026-04-18 17:25:20,0.0
2026-04-18 17:25:20,0.0
2026-04-18 17:25:20,0.0
2026-04-18 17:25:20,0.0
2026-04-18 17:25:20,0.0
2026-04-18 17:25:20,0.0
2026-04-18 17:25:20,0.0
2026-04-18 17:25:20,0.0
2026-04-18 17:25:20,0.0
2026-04-18 17:25:20,0.0
2026-04-18 17:25:21,0.0
2026-04-18 17:25:21,0.0
2026-04-18 17:25:21,0.0
2026-04-18 17:25:21,0.0
2026-04-18 17:25:21,0.0
2026-04-18 17:25:21,0.0
2026-04-18 17:25:21,0.0
2026-04-18 17:25:21,0.0
2026-04-18 17:25:21,0.0
2026-04-18 17:25:22,0.0
2026-04-18 17:25:22,0.0
2026-04-18 17:25:22,0.0
2026-04-18 17:25:22,0.0
2026-04-18 17:25:22,0.0
2026-04-18 17:25:22,0.0
2026-04-18 17:25:22,0.0
2026-04-18 17:25:22,0.0
2026-04-18 17:25:22,0.0
2026-04-18 17:25:22,0.0
2026-04-18 17:25:23,0.0
2026-04-18 17:25:23,0.0
2026-04-18 17:25:23,0.0
2026-04-18 17:25:23,0.0
2026-04-18 17:25:23,0.0
2026-04-18 17:25:23,0.0
2026-04-18 17:25:23,0.0
2026-04-18 17:25:23,0.0
2026-04-18 17:25:23,0.0
2026-04-18 17:25:24,0.0
2026-04-18 17:25:24,0.0
2026-04-18 17:25:24,0.0
2026-04-18 17:25:24,0.0
2026-04-18 17:25:24,0.0
2026-04-18 17:25:24,0.0
2026-04-18 17:25:24,0.0
2026-04-18 17:25:24,0.0
2026-04-18 17:25:24,0.0
2026-04-18 17:25:25,0.0
2026-04-18 17:25:25,0.0
2026-04-18 17:25:25,0.0
2026-04-18 17:25:25,0.0
2026-04-18 17:25:25,0.0
2026-04-18 17:25:25,0.0
2026-04-18 17:25:25,0.0
2026-04-18 17:25:25,0.0
2026-04-18 17:25:25,0.0
2026-04-18 17:25:25,0.0
2026-04-18 17:25:26,0.0
2026-04-18 17:25:26,0.0
2026-04-18 17:25:26,0.0
2026-04-18 17:25:26,0.0
2026-04-18 17:25:26,0.0
2026-04-18 17:25:26,0.0
2026-04-18 17:25:26,0.0
2026-04-18 17:25:26,0.0
2026-04-18 17:25:26,0.0
2026-04-18 17:25:27,0.0
2026-04-18 17:25:27,0.0
2026-04-18 17:25:27,0.0
2026-04-18 17:25:27,0.0
2026-04-18 17:25:27,0.0
2026-04-18 17:25:27,0.0
2026-04-18 17:25:27,0.0
2026-04-18 17:25:27,0.0
2026-04-18 17:25:27,0.0
2026-04-18 17:25:27,0.0
2026-04-18 17:25:28,0.0
2026-04-18 17:25:28,0.0
2026-04-18 17:25:28,0.0
2026-04-18 17:25:28,0.0
2026-04-18 17:25:28,0.0
2026-04-18 17:25:28,0.0
2026-04-18 17:25:28,0.0
2026-04-18 17:25:28,0.0
2026-04-18 17:25:28,0.0
2026-04-18 17:25:29,0.0
2026-04-18 17:25:29,0.0
2026-04-18 17:25:29,0.0
2026-04-18 17:25:29,0.0
2026-04-18 17:25:29,0.0
2026-04-18 17:25:29,0.0
2026-04-18 17:25:29,0.0
2026-04-18 17:25:29,0.0
2026-04-18 17:25:29,0.0
2026-04-18 17:25:30,0.0
2026-04-18 17:25:30,0.0
2026-04-18 17:25:30,0.0
2026-04-18 17:25:30,0.0
2026-04-18 17:25:30,0.0
2026-04-18 17:25:30,0.0
2026-04-18 17:25:30,0.0
2026-04-18 17:25:30,0.0
2026-04-18 17:25:30,0.0
2026-04-18 17:25:30,0.0
2026-04-18 17:25:31,0.0
2026-04-18 17:25:31,0.0
2026-04-18 17:25:31,0.0
2026-04-18 17:25:31,0.0
2026-04-18 17:25:31,0.0
2026-04-18 17:25:31,0.0
2026-04-18 17:25:31,0.0
2026-04-18 17:25:31,0.0
2026-04-18 17:25:31,0.0
2026-04-18 17:25:32,0.0
2026-04-18 17:25:32,0.0
2026-04-18 17:25:32,0.0
2026-04-18 17:25:32,0.0
2026-04-18 17:25:32,0.0
2026-04-18 17:25:32,0.0
2026-04-18 17:25:32,0.0
2026-04-18 17:25:32,0.0
2026-04-18 17:25:32,0.0
2026-04-18 17:25:33,0.0
2026-04-18 17:25:33,0.0
2026-04-18 17:25:33,0.0
2026-04-18 17:25:33,0.0
2026-04-18 17:25:33,0.0
2026-04-18 17:25:33,0.0
2026-04-18 17:25:33,0.0
2026-04-18 17:25:33,0.0
2026-04-18 17:25:33,0.0
2026-04-18 17:25:33,0.0
2026-04-18 17:25:34,0.0
2026-04-18 17:25:34,0.0
2026-04-18 17:25:34,0.0
2026-04-18 17:25:34,0.0
2026-04-18 17:25:34,0.0
2026-04-18 17:25:34,0.0
2026-04-18 17:25:34,0.0
2026-04-18 17:25:34,0.0
2026-04-18 17:25:34,0.0
2026-04-18 17:25:35,0.0
2026-04-18 17:25:35,0.0
2026-04-18 17:25:35,0.0
2026-04-18 17:25:35,0.0
2026-04-18 17:25:35,0.0
2026-04-18 17:25:35,0.0
2026-04-18 17:25:35,0.0
2026-04-18 17:25:35,0.0
2026-04-18 17:25:35,0.0
2026-04-18 17:25:35,0.0
2026-04-18 17:25:36,0.0
2026-04-18 17:25:36,0.0
2026-04-18 17:25:36,0.0
2026-04-18 17:25:36,0.0
2026-04-18 17:25:36,0.0
2026-04-18 17:25:36,0.0
2026-04-18 17:25:36,0.0
2026-04-18 17:25:36,0.0
2026-04-18 17:25:36,0.0
2026-04-18 17:25:37,0.0
2026-04-18 17:25:37,0.0
2026-04-18 17:25:37,0.0
2026-04-18 17:25:37,0.0
2026-04-18 17:25:37,0.0
2026-04-18 17:25:37,0.0
2026-04-18 17:25:37,0.0
2026-04-18 17:25:37,0.0
2026-04-18 17:25:37,0.0
2026-04-18 17:25:38,0.0
2026-04-18 17:25:38,0.0
2026-04-18 17:25:38,0.0
2026-04-18 17:25:38,0.0
2026-04-18 17:25:38,0.0
2026-04-18 17:25:38,0.0
2026-04-18 17:25:38,0.0
2026-04-18 17:25:38,0.0
2026-04-18 17:25:38,0.0
2026-04-18 17:25:38,0.0
2026-04-18 17:25:39,0.0
2026-04-18 17:25:39,0.0
2026-04-18 17:25:39,0.0
2026-04-18 17:25:39,0.0
2026-04-18 17:25:39,0.0
2026-04-18 17:25:39,0.0
2026-04-18 17:25:39,0.0
2026-04-18 17:25:39,0.0
2026-04-18 17:25:39,0.0
2026-04-18 17:25:40,0.0
2026-04-18 17:25:40,0.0
2026-04-18 17:25:40,0.0
2026-04-18 17:25:40,0.0
2026-04-18 17:25:40,0.0
2026-04-18 17:25:40,0.0
2026-04-18 17:25:40,0.0
2026-04-18 17:25:40,0.0
2026-04-18 17:25:40,0.0
2026-04-18 17:25:41,0.0
2026-04-18 17:25:41,0.0
2026-04-18 17:25:41,0.0
2026-04-18 17:25:41,0.0
2026-04-18 17:25:41,0.0
2026-04-18 17:25:41,0.0
2026-04-18 17:25:41,0.0
2026-04-18 17:25:41,0.0
2026-04-18 17:25:41,0.0
2026-04-18 17:25:41,0.0
2026-04-18 17:25:42,0.0
2026-04-18 17:25:42,0.0
2026-04-18 17:25:42,0.0
2026-04-18 17:25:42,0.0
2026-04-18 17:25:42,0.0
2026-04-18 17:25:42,0.0
2026-04-18 17:25:42,0.0
2026-04-18 17:25:42,0.0
2026-04-18 17:25:42,0.0
2026-04-18 17:25:43,0.0
2026-04-18 17:25:43,0.0
2026-04-18 17:25:43,0.0
2026-04-18 17:25:43,0.0
2026-04-18 17:25:43,0.0
2026-04-18 17:25:43,0.0
2026-04-18 17:25:43,0.0
2026-04-18 17:25:43,0.0
2026-04-18 17:25:43,0.0
2026-04-18 17:25:43,0.0
2026-04-18 17:25:44,0.0
2026-04-18 17:25:44,0.0
2026-04-18 17:25:44,0.0
2026-04-18 17:25:44,0.0
2026-04-18 17:25:44,0.0
2026-04-18 17:25:44,0.0
2026-04-18 17:25:44,0.0
2026-04-18 17:25:44,0.0
2026-04-18 17:25:44,0.0
2026-04-18 17:25:45,0.0
2026-04-18 17:25:45,0.0
2026-04-18 17:25:45,0.0
2026-04-18 17:25:45,0.0
2026-04-18 17:25:45,0.0
2026-04-18 17:25:45,0.0
2026-04-18 17:25:45,0.0
2026-04-18 17:25:45,0.0
2026-04-18 17:25:45,0.0
2026-04-18 17:25:46,0.0
2026-04-18 17:25:46,0.0
2026-04-18 17:25:46,0.0
2026-04-18 17:25:46,0.0
2026-04-18 17:25:46,0.0
2026-04-18 17:25:46,0.0
2026-04-18 17:25:46,0.0
2026-04-18 17:25:46,0.0
2026-04-18 17:25:46,0.0
2026-04-18 17:25:46,0.0
2026-04-18 17:25:47,0.0
2026-04-18 17:25:47,0.0
2026-04-18 17:25:47,0.0
2026-04-18 17:25:47,0.0
2026-04-18 17:25:47,0.0
2026-04-18 17:25:47,0.0
2026-04-18 17:25:47,0.0
2026-04-18 17:25:47,0.0
2026-04-18 17:25:47,0.0
2026-04-18 17:25:48,0.0
2026-04-18 17:25:48,0.0
2026-04-18 17:25:48,0.0
2026-04-18 17:25:48,0.0
2026-04-18 17:25:48,0.0
2026-04-18 17:25:48,0.0
2026-04-18 17:25:48,0.0
2026-04-18 17:25:48,0.0
2026-04-18 17:25:48,0.0
2026-04-18 17:25:49,0.0
2026-04-18 17:25:49,0.0
2026-04-18 17:25:49,0.0
2026-04-18 17:25:49,0.0
2026-04-18 17:25:49,0.0
2026-04-18 17:25:49,0.0
2026-04-18 17:25:49,0.0
2026-04-18 17:25:49,0.0
2026-04-18 17:25:49,0.0
2026-04-18 17:25:49,0.0
2026-04-18 17:25:50,0.0
2026-04-18 17:25:50,0.0
2026-04-18 17:25:50,0.0
2026-04-18 17:25:50,0.0
2026-04-18 17:25:50,0.0
2026-04-18 17:25:50,0.0
2026-04-18 17:25:50,0.0
2026-04-18 17:25:50,0.0
2026-04-18 17:25:50,0.0
2026-04-18 17:25:51,0.0
2026-04-18 17:25:51,0.0
2026-04-18 17:25:51,0.0
2026-04-18 17:25:51,0.0
2026-04-18 17:25:51,0.0
2026-04-18 17:25:51,0.0
2026-04-18 17:25:51,0.0
2026-04-18 17:25:51,0.0
2026-04-18 17:25:51,0.0
2026-04-18 17:25:51,0.0
2026-04-18 17:25:52,0.0
2026-04-18 17:25:52,0.0
2026-04-18 17:25:52,0.0
2026-04-18 17:25:52,0.0
2026-04-18 17:25:52,0.0
2026-04-18 17:25:52,0.0
2026-04-18 17:25:52,0.0
2026-04-18 17:25:52,0.0
2026-04-18 17:25:52,0.0
2026-04-18 17:25:53,0.0
2026-04-18 17:25:53,0.0
2026-04-18 17:25:53,0.0
2026-04-18 17:25:53,0.0
2026-04-18 17:25:53,0.0
2026-04-18 17:25:53,0.0
2026-04-18 17:25:53,0.0
2026-04-18 17:25:53,0.0
2026-04-18 17:25:53,0.0
2026-04-18 17:25:54,0.0
2026-04-18 17:25:54,0.0
2026-04-18 17:25:54,0.0
2026-04-18 17:25:54,0.0
2026-04-18 17:25:54,0.0
2026-04-18 17:25:54,0.0
2026-04-18 17:25:54,0.0
2026-04-18 17:25:54,0.0
2026-04-18 17:25:54,0.0
2026-04-18 17:25:54,0.0
2026-04-18 17:25:55,0.0
2026-04-18 17:25:55,0.0
2026-04-18 17:25:55,0.0
2026-04-18 17:25:55,0.0
2026-04-18 17:25:55,0.0
2026-04-18 17:25:55,0.0
2026-04-18 17:25:55,0.0
2026-04-18 17:25:55,0.0
2026-04-18 17:25:55,0.0
2026-04-18 17:25:56,0.0
2026-04-18 17:25:56,0.0
2026-04-18 17:25:56,0.0
2026-04-18 17:25:56,0.0
2026-04-18 17:25:56,0.0
2026-04-18 17:25:56,0.0
2026-04-18 17:25:56,0.0
2026-04-18 17:25:56,0.0
2026-04-18 17:25:56,0.0
2026-04-18 17:25:57,0.0
2026-04-18 17:25:57,0.0
2026-04-18 17:25:57,0.0
2026-04-18 17:25:57,0.0
2026-04-18 17:25:57,0.0
2026-04-18 17:25:57,0.0
2026-04-18 17:25:57,0.0
2026-04-18 17:25:57,0.0
2026-04-18 17:25:57,0.0
2026-04-18 17:25:57,0.0
2026-04-18 17:25:58,0.0
2026-04-18 17:25:58,0.0
2026-04-18 17:25:58,0.0
2026-04-18 17:25:58,0.0
2026-04-18 17:25:58,0.0
2026-04-18 17:25:58,0.0
2026-04-18 17:25:58,0.0
2026-04-18 17:25:58,0.0
2026-04-18 17:25:58,0.0
2026-04-18 17:25:59,0.0
2026-04-18 17:25:59,0.0
2026-04-18 17:25:59,0.0
2026-04-18 17:25:59,0.0
2026-04-18 17:25:59,0.0
2026-04-18 17:25:59,0.0
2026-04-18 17:25:59,0.0
2026-04-18 17:25:59,0.0
2026-04-18 17:25:59,0.0
2026-04-18 17:25:59,0.0
2026-04-18 17:26:00,0.0
2026-04-18 17:26:00,0.0
2026-04-18 17:26:00,0.0
2026-04-18 17:26:00,0.0
2026-04-18 17:26:00,0.0
2026-04-18 17:26:00,0.0
2026-04-18 17:26:00,0.0
2026-04-18 17:26:00,0.0
2026-04-18 17:26:00,0.0
2026-04-18 17:26:01,0.0
2026-04-18 17:26:01,0.0
2026-04-18 17:26:01,0.0
2026-04-18 17:26:01,0.0
2026-04-18 17:26:01,0.0
2026-04-18 17:26:01,0.0
2026-04-18 17:26:01,0.0
2026-04-18 17:26:01,0.0
2026-04-18 17:26:01,0.0
2026-04-18 17:26:02,0.0
2026-04-18 17:26:02,0.0
2026-04-18 17:26:02,0.0
2026-04-18 17:26:02,0.0
2026-04-18 17:26:02,0.0
2026-04-18 17:26:02,0.0
2026-04-18 17:26:02,0.0
2026-04-18 17:26:02,0.0
2026-04-18 17:26:02,0.0
2026-04-18 17:26:02,0.0
2026-04-18 17:26:03,0.0
2026-04-18 17:26:03,0.0
2026-04-18 17:26:03,0.0
2026-04-18 17:26:03,0.0
2026-04-18 17:26:03,0.0
2026-04-18 17:26:03,0.0
2026-04-18 17:26:03,0.0
2026-04-18 17:26:03,0.0
2026-04-18 17:26:03,0.0
2026-04-18 17:26:04,0.0
2026-04-18 17:26:04,0.0
2026-04-18 17:26:04,0.0
2026-04-18 17:26:04,0.0
2026-04-18 17:26:04,0.0
2026-04-18 17:26:04,0.0
2026-04-18 17:26:04,0.0
2026-04-18 17:26:04,0.0
2026-04-18 17:26:04,0.0
2026-04-18 17:26:04,0.0
2026-04-18 17:26:05,0.0
2026-04-18 17:26:05,0.0
2026-04-18 17:26:05,0.0
2026-04-18 17:26:05,0.0
2026-04-18 17:26:05,0.0
2026-04-18 17:26:05,0.0
2026-04-18 17:26:05,0.0
2026-04-18 17:26:05,0.0
2026-04-18 17:26:05,0.0
2026-04-18 17:26:06,0.0
2026-04-18 17:26:06,0.0
2026-04-18 17:26:06,0.0
2026-04-18 17:26:06,0.0
2026-04-18 17:26:06,0.0
2026-04-18 17:26:06,0.0
2026-04-18 17:26:06,0.0
2026-04-18 17:26:06,0.0
2026-04-18 17:26:06,0.0
2026-04-18 17:26:07,0.0
2026-04-18 17:26:07,0.0
2026-04-18 17:26:07,0.0
2026-04-18 17:26:07,0.0
2026-04-18 17:26:07,0.0
2026-04-18 17:26:07,0.0
2026-04-18 17:26:07,0.0
2026-04-18 17:26:07,0.0
2026-04-18 17:26:07,0.0
2026-04-18 17:26:07,0.0
2026-04-18 17:26:08,0.0
2026-04-18 17:26:08,0.0
2026-04-18 17:26:08,0.0
2026-04-18 17:26:08,0.0
2026-04-18 17:26:08,0.0
2026-04-18 17:26:08,0.0
2026-04-18 17:26:08,0.0
2026-04-18 17:26:08,0.0
2026-04-18 17:26:08,0.0
2026-04-18 17:26:09,0.0
2026-04-18 17:26:09,0.0
2026-04-18 17:26:09,0.0
2026-04-18 17:26:09,0.0
2026-04-18 17:26:09,0.0
2026-04-18 17:26:09,0.0
2026-04-18 17:26:09,0.0
2026-04-18 17:26:09,0.0
2026-04-18 17:26:09,0.0
2026-04-18 17:26:10,0.0
2026-04-18 17:26:10,0.0
2026-04-18 17:26:10,0.0
2026-04-18 17:26:10,0.0
2026-04-18 17:26:10,0.0
2026-04-18 17:26:10,0.0
2026-04-18 17:26:10,0.0
2026-04-18 17:26:10,0.0
2026-04-18 17:26:10,0.0
2026-04-18 17:26:10,0.0
2026-04-18 17:26:11,0.0
2026-04-18 17:26:11,0.0
2026-04-18 17:26:11,0.0
2026-04-18 17:26:11,0.0
2026-04-18 17:26:11,0.0
2026-04-18 17:26:11,0.0
2026-04-18 17:26:11,0.0
2026-04-18 17:26:11,0.0
2026-04-18 17:26:11,0.0
2026-04-18 17:26:12,0.0
2026-04-18 17:26:12,0.0
2026-04-18 17:26:12,0.0
2026-04-18 17:26:12,0.0
2026-04-18 17:26:12,0.0
2026-04-18 17:26:12,0.0
2026-04-18 17:26:12,0.0
2026-04-18 17:26:12,0.0
2026-04-18 17:26:12,0.0
2026-04-18 17:26:12,0.0
2026-04-18 17:26:13,0.0
2026-04-18 17:26:13,0.0
2026-04-18 17:26:13,0.0
2026-04-18 17:26:13,0.0
2026-04-18 17:26:13,0.0
2026-04-18 17:26:13,0.0
2026-04-18 17:26:13,0.0
2026-04-18 17:26:13,0.0
2026-04-18 17:26:13,0.0
2026-04-18 17:26:14,0.0
2026-04-18 17:26:14,0.0
2026-04-18 17:26:14,0.0
2026-04-18 17:26:14,0.0
2026-04-18 17:26:14,0.0
2026-04-18 17:26:14,0.0
2026-04-18 17:26:14,0.0
2026-04-18 17:26:14,0.0
2026-04-18 17:26:14,0.0
2026-04-18 17:26:15,0.0
2026-04-18 17:26:15,0.0
2026-04-18 17:26:15,0.0
2026-04-18 17:26:15,0.0
2026-04-18 17:26:15,0.0
2026-04-18 17:26:15,0.0
2026-04-18 17:26:15,0.0
2026-04-18 17:26:15,0.0
2026-04-18 17:26:15,0.0
2026-04-18 17:26:15,0.0
2026-04-18 17:26:16,0.0
2026-04-18 17:26:16,0.0
2026-04-18 17:26:16,0.0
2026-04-18 17:26:16,0.0
2026-04-18 17:26:16,0.0
2026-04-18 17:26:16,0.0
2026-04-18 17:26:16,0.0
2026-04-18 17:26:16,0.0
2026-04-18 17:26:16,0.0
2026-04-18 17:26:17,0.0
2026-04-18 17:26:17,0.0
2026-04-18 17:26:17,0.0
2026-04-18 17:26:17,0.0
2026-04-18 17:26:17,0.0
2026-04-18 17:26:17,0.0
2026-04-18 17:26:17,0.0
2026-04-18 17:26:17,0.0
2026-04-18 17:26:17,0.0
2026-04-18 17:26:18,0.0
2026-04-18 17:26:18,0.0
2026-04-18 17:26:18,0.0
2026-04-18 17:26:18,0.0
2026-04-18 17:26:18,0.0
2026-04-18 17:26:18,0.0
2026-04-18 17:26:18,0.0
2026-04-18 17:26:18,0.0
2026-04-18 17:26:18,0.0
2026-04-18 17:26:18,0.0
2026-04-18 17:26:19,0.0
2026-04-18 17:26:19,0.0
2026-04-18 17:26:19,0.0
2026-04-18 17:26:19,0.0
2026-04-18 17:26:19,0.0
2026-04-18 17:26:19,0.0
2026-04-18 17:26:19,0.0
2026-04-18 17:26:19,0.0
2026-04-18 17:26:19,0.0
2026-04-18 17:26:20,0.0
2026-04-18 17:26:20,0.0
2026-04-18 17:26:20,0.0
2026-04-18 17:26:20,0.0
2026-04-18 17:26:20,0.0
2026-04-18 17:26:20,0.0
2026-04-18 17:26:20,0.0
2026-04-18 17:26:20,0.0
2026-04-18 17:26:20,0.0
2026-04-18 17:26:20,0.0
2026-04-18 17:26:21,0.0
2026-04-18 17:26:21,0.0
2026-04-18 17:26:21,0.0
2026-04-18 17:26:21,0.0
2026-04-18 17:26:21,0.0
2026-04-18 17:26:21,0.0
2026-04-18 17:26:21,0.0
2026-04-18 17:26:21,0.0
2026-04-18 17:26:21,0.0
2026-04-18 17:26:22,0.0
2026-04-18 17:26:22,0.0
2026-04-18 17:26:22,0.0
2026-04-18 17:26:22,0.0
2026-04-18 17:26:22,0.0
2026-04-18 17:26:22,0.0
2026-04-18 17:26:22,0.0
2026-04-18 17:26:22,0.0
2026-04-18 17:26:22,0.0
2026-04-18 17:26:23,0.0
2026-04-18 17:26:23,0.0
2026-04-18 17:26:23,0.0
2026-04-18 17:26:23,0.0
2026-04-18 17:26:23,0.0
2026-04-18 17:26:23,0.0
2026-04-18 17:26:23,0.0
2026-04-18 17:26:23,0.0
2026-04-18 17:26:23,0.0
2026-04-18 17:26:23,0.0
2026-04-18 17:26:24,0.0
2026-04-18 17:26:24,0.0
2026-04-18 17:26:24,0.0
2026-04-18 17:26:24,0.0
2026-04-18 17:26:24,0.0
2026-04-18 17:26:24,0.0
2026-04-18 17:26:24,0.0
2026-04-18 17:26:24,0.0
2026-04-18 17:26:24,0.0
2026-04-18 17:26:25,0.0
2026-04-18 17:26:25,0.0
2026-04-18 17:26:25,0.0
2026-04-18 17:26:25,0.0
2026-04-18 17:26:25,0.0
2026-04-18 17:26:25,0.0
2026-04-18 17:26:25,0.0
2026-04-18 17:26:25,0.0
2026-04-18 17:26:25,0.0
2026-04-18 17:26:26,0.0
2026-04-18 17:26:26,0.0
2026-04-18 17:26:26,0.0
2026-04-18 17:26:26,0.0
2026-04-18 17:26:26,0.0
2026-04-18 17:26:26,0.0
2026-04-18 17:26:26,0.0
2026-04-18 17:26:26,0.0
2026-04-18 17:26:26,0.0
2026-04-18 17:26:26,0.0
2026-04-18 17:26:27,0.0
2026-04-18 17:26:27,0.0
2026-04-18 17:26:27,0.0
2026-04-18 17:26:27,0.0
2026-04-18 17:26:27,0.0
2026-04-18 17:26:27,0.0
2026-04-18 17:26:27,0.0
2026-04-18 17:26:27,0.0
2026-04-18 17:26:27,0.0
2026-04-18 17:26:28,0.0
2026-04-18 17:26:28,0.0
2026-04-18 17:26:28,0.0
2026-04-18 17:26:28,0.0
2026-04-18 17:26:28,0.0
2026-04-18 17:26:28,0.0
2026-04-18 17:26:28,0.0
2026-04-18 17:26:28,0.0
2026-04-18 17:26:28,0.0
2026-04-18 17:26:28,0.0
2026-04-18 17:26:29,0.0
2026-04-18 17:26:29,0.0
2026-04-18 17:26:29,0.0
2026-04-18 17:26:29,0.0
2026-04-18 17:26:29,0.0
2026-04-18 17:26:29,0.0
2026-04-18 17:26:29,0.0
2026-04-18 17:26:29,0.0
2026-04-18 17:26:29,0.0
2026-04-18 17:26:30,0.0
2026-04-18 17:26:30,0.0
2026-04-18 17:26:30,0.0
2026-04-18 17:26:30,0.0
2026-04-18 17:26:30,0.0
2026-04-18 17:26:30,0.0
2026-04-18 17:26:30,0.0
2026-04-18 17:26:30,0.0
2026-04-18 17:26:30,0.0
2026-04-18 17:26:31,0.0
2026-04-18 17:26:31,0.0
2026-04-18 17:26:31,0.0
2026-04-18 17:26:31,0.0
2026-04-18 17:26:31,0.0
2026-04-18 17:26:31,0.0
2026-04-18 17:26:31,0.0
2026-04-18 17:26:31,0.0
2026-04-18 17:26:31,0.0
2026-04-18 17:26:31,0.0
2026-04-18 17:26:32,0.0
2026-04-18 17:26:32,0.0
2026-04-18 17:26:32,0.0
2026-04-18 17:26:32,0.0
2026-04-18 17:26:32,0.0
2026-04-18 17:26:32,0.0
2026-04-18 17:26:32,0.0
2026-04-18 17:26:32,0.0
2026-04-18 17:26:32,0.0
2026-04-18 17:26:33,0.0
2026-04-18 17:26:33,0.0
2026-04-18 17:26:33,0.0
2026-04-18 17:26:33,0.0
2026-04-18 17:26:33,0.0
2026-04-18 17:26:33,0.0
2026-04-18 17:26:33,0.0
2026-04-18 17:26:33,0.0
2026-04-18 17:26:33,0.0
2026-04-18 17:26:33,0.0
2026-04-18 17:26:34,0.0
2026-04-18 17:26:34,0.0
2026-04-18 17:26:34,0.0
2026-04-18 17:26:34,0.0
2026-04-18 17:26:34,0.0
2026-04-18 17:26:34,0.0
2026-04-18 17:26:34,0.0
2026-04-18 17:26:34,0.0
2026-04-18 17:26:34,0.0
2026-04-18 17:26:35,0.0
2026-04-18 17:26:35,0.0
2026-04-18 17:26:35,0.0
2026-04-18 17:26:35,0.0
2026-04-18 17:26:35,0.0
2026-04-18 17:26:35,0.0
2026-04-18 17:26:35,0.0
2026-04-18 17:26:35,0.0
2026-04-18 17:26:35,0.0
2026-04-18 17:26:36,0.0
2026-04-18 17:26:36,0.0
2026-04-18 17:26:36,0.0
2026-04-18 17:26:36,0.0
2026-04-18 17:26:36,0.0
2026-04-18 17:26:36,0.0
2026-04-18 17:26:36,0.0
2026-04-18 17:26:36,0.0
2026-04-18 17:26:36,0.0
2026-04-18 17:26:36,0.0
2026-04-18 17:26:37,0.0
2026-04-18 17:26:37,0.0
2026-04-18 17:26:37,0.0
2026-04-18 17:26:37,0.0
2026-04-18 17:26:37,0.0
2026-04-18 17:26:37,0.0
2026-04-18 17:26:37,0.0
2026-04-18 17:26:37,0.0
2026-04-18 17:26:37,0.0
2026-04-18 17:26:38,0.0
2026-04-18 17:26:38,0.0
2026-04-18 17:26:38,0.0
2026-04-18 17:26:38,0.0
2026-04-18 17:26:38,0.0
2026-04-18 17:26:38,0.0
2026-04-18 17:26:38,0.0
2026-04-18 17:26:38,0.0
2026-04-18 17:26:38,0.0
2026-04-18 17:26:39,0.0
2026-04-18 17:26:39,0.0
2026-04-18 17:26:39,0.0
2026-04-18 17:26:39,0.0
2026-04-18 17:26:39,0.0
2026-04-18 17:26:39,0.0
2026-04-18 17:26:39,0.0
2026-04-18 17:26:39,0.0
2026-04-18 17:26:39,0.0
2026-04-18 17:26:39,0.0
2026-04-18 17:26:40,0.0
2026-04-18 17:26:40,0.0
2026-04-18 17:26:40,0.0
2026-04-18 17:26:40,0.0
2026-04-18 17:26:40,0.0
2026-04-18 17:26:40,0.0
2026-04-18 17:26:40,0.0
2026-04-18 17:26:40,0.0
2026-04-18 17:26:40,0.0
2026-04-18 17:26:41,0.0
2026-04-18 17:26:41,0.0
2026-04-18 17:26:41,0.0
2026-04-18 17:26:41,0.0
2026-04-18 17:26:41,0.0
2026-04-18 17:26:41,0.0
2026-04-18 17:26:41,0.0
2026-04-18 17:26:41,0.0
2026-04-18 17:26:41,0.0
2026-04-18 17:26:41,0.0
2026-04-18 17:26:42,0.0
2026-04-18 17:26:42,0.0
2026-04-18 17:26:42,0.0
2026-04-18 17:26:42,0.0
2026-04-18 17:26:42,0.0
2026-04-18 17:26:42,0.0
2026-04-18 17:26:42,0.0
2026-04-18 17:26:42,0.0
2026-04-18 17:26:42,0.0
2026-04-18 17:26:43,0.0
2026-04-18 17:26:43,0.0
2026-04-18 17:26:43,0.0
2026-04-18 17:26:43,0.0
2026-04-18 17:26:43,0.0
2026-04-18 17:26:43,0.0
2026-04-18 17:26:43,0.0
2026-04-18 17:26:43,0.0
2026-04-18 17:26:43,0.0
2026-04-18 17:26:44,0.0
2026-04-18 17:26:44,0.0
2026-04-18 17:26:44,0.0
2026-04-18 17:26:44,0.0
2026-04-18 17:26:44,0.0
2026-04-18 17:26:44,0.0
2026-04-18 17:26:44,0.0
2026-04-18 17:26:44,0.0
2026-04-18 17:26:44,0.0
2026-04-18 17:26:44,0.0
2026-04-18 17:26:45,0.0
2026-04-18 17:26:45,0.0
2026-04-18 17:26:45,0.0
2026-04-18 17:26:45,0.0
2026-04-18 17:26:45,0.0
2026-04-18 17:26:45,0.0
2026-04-18 17:26:45,0.0
2026-04-18 17:26:45,0.0
2026-04-18 17:26:45,0.0
2026-04-18 17:26:46,0.0
2026-04-18 17:26:46,0.0
2026-04-18 17:26:46,0.0
2026-04-18 17:26:46,0.0
2026-04-18 17:26:46,0.0
2026-04-18 17:26:46,0.0
2026-04-18 17:26:46,0.0
2026-04-18 17:26:46,0.0
2026-04-18 17:26:46,0.0
2026-04-18 17:26:47,0.0
2026-04-18 17:26:47,0.0
2026-04-18 17:26:47,0.0
2026-04-18 17:26:47,0.0
2026-04-18 17:26:47,0.0
2026-04-18 17:26:47,0.0
2026-04-18 17:26:47,0.0
2026-04-18 17:26:47,0.0
2026-04-18 17:26:47,0.0
2026-04-18 17:26:47,0.0
2026-04-18 17:26:48,0.0
2026-04-18 17:26:48,0.0
2026-04-18 17:26:48,0.0
2026-04-18 17:26:48,0.0
2026-04-18 17:26:48,0.0
2026-04-18 17:26:48,0.0
2026-04-18 17:26:48,0.0
2026-04-18 17:26:48,0.0
2026-04-18 17:26:48,0.0
2026-04-18 17:26:49,0.0
2026-04-18 17:26:49,0.0
2026-04-18 17:26:49,0.0
2026-04-18 17:26:49,0.0
2026-04-18 17:26:49,0.0
2026-04-18 17:26:49,0.0
2026-04-18 17:26:49,0.0
2026-04-18 17:26:49,0.0
2026-04-18 17:26:49,0.0
2026-04-18 17:26:49,0.0
2026-04-18 17:26:50,0.0
2026-04-18 17:26:50,0.0
2026-04-18 17:26:50,0.0
2026-04-18 17:26:50,0.0
2026-04-18 17:26:50,0.0
2026-04-18 17:26:50,0.0
2026-04-18 17:26:50,0.0
2026-04-18 17:26:50,0.0
2026-04-18 17:26:50,0.0
2026-04-18 17:26:51,0.0
2026-04-18 17:26:51,0.0
2026-04-18 17:26:51,0.0
2026-04-18 17:26:51,0.0
2026-04-18 17:26:51,0.0
2026-04-18 17:26:51,0.0
2026-04-18 17:26:51,0.0
2026-04-18 17:26:51,0.0
2026-04-18 17:26:51,0.0
2026-04-18 17:26:52,0.0
2026-04-18 17:26:52,0.0
2026-04-18 17:26:52,0.0
2026-04-18 17:26:52,0.0
2026-04-18 17:26:52,0.0
2026-04-18 17:26:52,0.0
2026-04-18 17:26:52,0.0
2026-04-18 17:26:52,0.0
2026-04-18 17:26:52,0.0
2026-04-18 17:26:52,0.0
2026-04-18 17:26:53,0.0
2026-04-18 17:26:53,0.0
2026-04-18 17:26:53,0.0
2026-04-18 17:26:53,0.0
2026-04-18 17:26:53,0.0
2026-04-18 17:26:53,0.0
2026-04-18 17:26:53,0.0
2026-04-18 17:26:53,0.0
2026-04-18 17:26:53,0.0
2026-04-18 17:26:54,0.0
2026-04-18 17:26:54,0.0
2026-04-18 17:26:54,0.0
2026-04-18 17:26:54,0.0
2026-04-18 17:26:54,0.0
2026-04-18 17:26:54,0.0
2026-04-18 17:26:54,0.0
2026-04-18 17:26:54,0.0
2026-04-18 17:26:54,0.0
2026-04-18 17:26:55,0.0
2026-04-18 17:26:55,0.0
2026-04-18 17:26:55,0.0
2026-04-18 17:26:55,0.0
2026-04-18 17:26:55,0.0
2026-04-18 17:26:55,0.0
2026-04-18 17:26:55,0.0
2026-04-18 17:26:55,0.0
2026-04-18 17:26:55,0.0
2026-04-18 17:26:55,0.0
2026-04-18 17:26:56,0.0
2026-04-18 17:26:56,0.0
2026-04-18 17:26:56,0.0
2026-04-18 17:26:56,0.0
2026-04-18 17:26:56,0.0
2026-04-18 17:26:56,0.0
2026-04-18 17:26:56,0.0
2026-04-18 17:26:56,0.0
2026-04-18 17:26:56,0.0
2026-04-18 17:26:57,0.0
2026-04-18 17:26:57,0.0
2026-04-18 17:26:57,0.0
2026-04-18 17:26:57,0.0
2026-04-18 17:26:57,0.0
2026-04-18 17:26:57,0.0
2026-04-18 17:26:57,0.0
2026-04-18 17:26:57,0.0
2026-04-18 17:26:57,0.0
2026-04-18 17:26:57,0.0
2026-04-18 17:26:58,0.0
2026-04-18 17:26:58,0.0
2026-04-18 17:26:58,0.0
2026-04-18 17:26:58,0.0
2026-04-18 17:26:58,0.0
2026-04-18 17:26:58,0.0
2026-04-18 17:26:58,0.0
2026-04-18 17:26:58,0.0
2026-04-18 17:26:58,0.0
2026-04-18 17:26:59,0.0
2026-04-18 17:26:59,0.0
2026-04-18 17:26:59,0.0
2026-04-18 17:26:59,0.0
2026-04-18 17:26:59,0.0
2026-04-18 17:26:59,0.0
2026-04-18 17:26:59,0.0
2026-04-18 17:26:59,0.0
2026-04-18 17:26:59,0.0
2026-04-18 17:27:00,0.0
2026-04-18 17:27:00,0.0
2026-04-18 17:27:00,0.0
2026-04-18 17:27:00,0.0
2026-04-18 17:27:00,0.0
2026-04-18 17:27:00,0.0
2026-04-18 17:27:00,0.0
2026-04-18 17:27:00,0.0
2026-04-18 17:27:00,0.0
2026-04-18 17:27:00,0.0
2026-04-18 17:27:01,0.0
2026-04-18 17:27:01,0.0
2026-04-18 17:27:01,0.0
2026-04-18 17:27:01,0.0
2026-04-18 17:27:01,0.0
2026-04-18 17:27:01,0.0
2026-04-18 17:27:01,0.0
2026-04-18 17:27:01,0.0
2026-04-18 17:27:01,0.0
2026-04-18 17:27:02,0.0
2026-04-18 17:27:02,0.0
2026-04-18 17:27:02,0.0
2026-04-18 17:27:02,0.0
2026-04-18 17:27:02,0.0
2026-04-18 17:27:02,0.0
2026-04-18 17:27:02,0.0
2026-04-18 17:27:02,0.0
2026-04-18 17:27:02,0.0
2026-04-18 17:27:02,0.0
2026-04-18 17:27:03,0.0
2026-04-18 17:27:03,0.0
2026-04-18 17:27:03,0.0
2026-04-18 17:27:03,0.0
2026-04-18 17:27:03,0.0
2026-04-18 17:27:03,0.0
2026-04-18 17:27:03,0.0
2026-04-18 17:27:03,0.0
2026-04-18 17:27:03,0.0
2026-04-18 17:27:04,0.0
2026-04-18 17:27:04,0.0
2026-04-18 17:27:04,0.0
2026-04-18 17:27:04,0.0
2026-04-18 17:27:04,0.0
2026-04-18 17:27:04,0.0
2026-04-18 17:27:04,0.0
2026-04-18 17:27:04,0.0
2026-04-18 17:27:04,0.0
2026-04-18 17:27:05,0.0
2026-04-18 17:27:05,0.0
2026-04-18 17:27:05,0.0
2026-04-18 17:27:05,0.0
2026-04-18 17:27:05,0.0
2026-04-18 17:27:05,0.0
2026-04-18 17:27:05,0.0
2026-04-18 17:27:05,0.0
2026-04-18 17:27:05,0.0
2026-04-18 17:27:05,0.0
2026-04-18 17:27:06,0.0
2026-04-18 17:27:06,0.0
2026-04-18 17:27:06,0.0
2026-04-18 17:27:06,0.0
2026-04-18 17:27:06,0.0
2026-04-18 17:27:06,0.0
2026-04-18 17:27:06,0.0
2026-04-18 17:27:06,0.0
2026-04-18 17:27:06,0.0
2026-04-18 17:27:07,0.0
2026-04-18 17:27:07,0.0
2026-04-18 17:27:07,0.0
2026-04-18 17:27:07,0.0
2026-04-18 17:27:07,0.0
2026-04-18 17:27:07,0.0
2026-04-18 17:27:07,0.0
2026-04-18 17:27:07,0.0
2026-04-18 17:27:07,0.0
2026-04-18 17:27:08,0.0
2026-04-18 17:27:08,0.0
2026-04-18 17:27:08,0.0
2026-04-18 17:27:08,0.0
2026-04-18 17:27:08,0.0
2026-04-18 17:27:08,0.0
2026-04-18 17:27:08,0.0
2026-04-18 17:27:08,0.0
2026-04-18 17:27:08,0.0
2026-04-18 17:27:08,0.0
2026-04-18 17:27:09,0.0
2026-04-18 17:27:09,0.0
2026-04-18 17:27:09,0.0
2026-04-18 17:27:09,0.0
2026-04-18 17:27:09,0.0
2026-04-18 17:27:09,0.0
2026-04-18 17:27:09,0.0
2026-04-18 17:27:09,0.0
2026-04-18 17:27:09,0.0
2026-04-18 17:27:10,0.0
2026-04-18 17:27:10,0.0
2026-04-18 17:27:10,0.0
2026-04-18 17:27:10,0.0
2026-04-18 17:27:10,0.0
2026-04-18 17:27:10,0.0
2026-04-18 17:27:10,0.0
2026-04-18 17:27:10,0.0
2026-04-18 17:27:10,0.0
2026-04-18 17:27:10,0.0
2026-04-18 17:27:11,0.0
2026-04-18 17:27:11,0.0
2026-04-18 17:27:11,0.0
2026-04-18 17:27:11,0.0
2026-04-18 17:27:11,0.0
2026-04-18 17:27:11,0.0
2026-04-18 17:27:11,0.0
2026-04-18 17:27:11,0.0
2026-04-18 17:27:11,0.0
2026-04-18 17:27:12,0.0
2026-04-18 17:27:12,0.0
2026-04-18 17:27:12,0.0
2026-04-18 17:27:12,0.0
2026-04-18 17:27:12,0.0
2026-04-18 17:27:12,0.0
2026-04-18 17:27:12,0.0
2026-04-18 17:27:12,0.0
2026-04-18 17:27:12,0.0
2026-04-18 17:27:13,0.0
2026-04-18 17:27:13,0.0
2026-04-18 17:27:13,0.0
2026-04-18 17:27:13,0.0
2026-04-18 17:27:13,0.0
2026-04-18 17:27:13,0.0
2026-04-18 17:27:13,0.0
2026-04-18 17:27:13,0.0
2026-04-18 17:27:13,0.0
2026-04-18 17:27:13,0.0
2026-04-18 17:27:14,0.0
2026-04-18 17:27:14,0.0
2026-04-18 17:27:14,0.0
2026-04-18 17:27:14,0.0
2026-04-18 17:27:14,0.0
2026-04-18 17:27:14,0.0
2026-04-18 17:27:14,0.0
2026-04-18 17:27:14,0.0
2026-04-18 17:27:14,0.0
2026-04-18 17:27:15,0.0
2026-04-18 17:27:15,0.0
2026-04-18 17:27:15,0.0
2026-04-18 17:27:15,0.0
2026-04-18 17:27:15,0.0
2026-04-18 17:27:15,0.0
2026-04-18 17:27:15,0.0
2026-04-18 17:27:15,0.0
2026-04-18 17:27:15,0.0
2026-04-18 17:27:16,0.0
2026-04-18 17:27:16,0.0
2026-04-18 17:27:16,0.0
2026-04-18 17:27:16,0.0
2026-04-18 17:27:16,0.0
2026-04-18 17:27:16,0.0
2026-04-18 17:27:16,0.0
2026-04-18 17:27:16,0.0
2026-04-18 17:27:16,0.0
2026-04-18 17:27:16,0.0
2026-04-18 17:27:17,0.0
2026-04-18 17:27:17,0.0
2026-04-18 17:27:17,0.0
2026-04-18 17:27:17,0.0
2026-04-18 17:27:17,0.0
2026-04-18 17:27:17,0.0
2026-04-18 17:27:17,0.0
2026-04-18 17:27:17,0.0
2026-04-18 17:27:17,0.0
2026-04-18 17:27:18,0.0
2026-04-18 17:27:18,0.0
2026-04-18 17:27:18,0.0
2026-04-18 17:27:18,0.0
2026-04-18 17:27:18,0.0
2026-04-18 17:27:18,0.0
2026-04-18 17:27:18,0.0
2026-04-18 17:27:18,0.0
2026-04-18 17:27:18,0.0
2026-04-18 17:27:18,0.0
2026-04-18 17:27:19,0.0
2026-04-18 17:27:19,0.0
2026-04-18 17:27:19,0.0
2026-04-18 17:27:19,0.0
2026-04-18 17:27:19,0.0
2026-04-18 17:27:19,0.0
2026-04-18 17:27:19,0.0
2026-04-18 17:27:19,0.0
2026-04-18 17:27:19,0.0
2026-04-18 17:27:20,0.0
2026-04-18 17:27:20,0.0
2026-04-18 17:27:20,0.0
2026-04-18 17:27:20,0.0
2026-04-18 17:27:20,0.0
2026-04-18 17:27:20,0.0
2026-04-18 17:27:20,0.0
2026-04-18 17:27:20,0.0
2026-04-18 17:27:20,0.0
2026-04-18 17:27:21,0.0
2026-04-18 17:27:21,0.0
2026-04-18 17:27:21,0.0
2026-04-18 17:27:21,0.0
2026-04-18 17:27:21,0.0
2026-04-18 17:27:21,0.0
2026-04-18 17:27:21,0.0
2026-04-18 17:27:21,0.0
2026-04-18 17:27:21,0.0
2026-04-18 17:27:21,0.0
2026-04-18 17:27:22,0.0
2026-04-18 17:27:22,0.0
2026-04-18 17:27:22,0.0
2026-04-18 17:27:22,0.0
2026-04-18 17:27:22,0.0
2026-04-18 17:27:22,0.0
2026-04-18 17:27:22,0.0
2026-04-18 17:27:22,0.0
2026-04-18 17:27:22,0.0
2026-04-18 17:27:23,0.0
2026-04-18 17:27:23,0.0
2026-04-18 17:27:23,0.0
2026-04-18 17:27:23,0.0
2026-04-18 17:27:23,0.0
2026-04-18 17:27:23,0.0
2026-04-18 17:27:23,0.0
2026-04-18 17:27:23,0.0
2026-04-18 17:27:23,0.0
2026-04-18 17:27:24,0.0
2026-04-18 17:27:24,0.0
2026-04-18 17:27:24,0.0
2026-04-18 17:27:24,0.0
2026-04-18 17:27:24,0.0
2026-04-18 17:27:24,0.0
2026-04-18 17:27:24,0.0
2026-04-18 17:27:24,0.0
2026-04-18 17:27:24,0.0
2026-04-18 17:27:24,0.0
2026-04-18 17:27:25,0.0
2026-04-18 17:27:25,0.0
2026-04-18 17:27:25,0.0
2026-04-18 17:27:25,0.0
2026-04-18 17:27:25,0.0
2026-04-18 17:27:25,0.0
2026-04-18 17:27:25,0.0
2026-04-18 17:27:25,0.0
2026-04-18 17:27:25,0.0
2026-04-18 17:27:26,0.0
2026-04-18 17:27:26,0.0
2026-04-18 17:27:26,0.0
2026-04-18 17:27:26,0.0
2026-04-18 17:27:26,0.0
2026-04-18 17:27:26,0.0
2026-04-18 17:27:26,0.0
2026-04-18 17:27:26,0.0
2026-04-18 17:27:26,0.0
2026-04-18 17:27:26,0.0
2026-04-18 17:27:27,0.0
2026-04-18 17:27:27,0.0
2026-04-18 17:27:27,0.0
2026-04-18 17:27:27,0.0
2026-04-18 17:27:27,0.0
2026-04-18 17:27:27,0.0
2026-04-18 17:27:27,0.0
2026-04-18 17:27:27,0.0
2026-04-18 17:27:27,0.0
2026-04-18 17:27:28,0.0
2026-04-18 17:27:28,0.0
2026-04-18 17:27:28,0.0
2026-04-18 17:27:28,0.0
2026-04-18 17:27:28,0.0
2026-04-18 17:27:28,0.0
2026-04-18 17:27:28,0.0
2026-04-18 17:27:28,0.0
2026-04-18 17:27:28,0.0
2026-04-18 17:27:29,0.0
2026-04-18 17:27:29,0.0
2026-04-18 17:27:29,0.0
2026-04-18 17:27:29,0.0
2026-04-18 17:27:29,0.0
2026-04-18 17:27:29,0.0
2026-04-18 17:27:29,0.0
2026-04-18 17:27:29,0.0
2026-04-18 17:27:29,0.0
2026-04-18 17:27:29,0.0
2026-04-18 17:27:30,0.0
2026-04-18 17:27:30,0.0
2026-04-18 17:27:30,0.0
2026-04-18 17:27:30,0.0
2026-04-18 17:27:30,0.0
2026-04-18 17:27:30,0.0
2026-04-18 17:27:30,0.0
2026-04-18 17:27:30,0.0
2026-04-18 17:27:30,0.0
2026-04-18 17:27:31,0.0
2026-04-18 17:27:31,0.0
2026-04-18 17:27:31,0.0
2026-04-18 17:27:31,0.0
2026-04-18 17:27:31,0.0
2026-04-18 17:27:31,0.0
2026-04-18 17:27:31,0.0
2026-04-18 17:27:31,0.0
2026-04-18 17:27:31,0.0
2026-04-18 17:27:32,0.0
2026-04-18 17:27:32,0.0
2026-04-18 17:27:32,0.0
2026-04-18 17:27:32,0.0
2026-04-18 17:27:32,0.0
2026-04-18 17:27:32,0.0
2026-04-18 17:27:32,0.0
2026-04-18 17:27:32,0.0
2026-04-18 17:27:32,0.0
2026-04-18 17:27:32,0.0
2026-04-18 17:27:33,0.0
2026-04-18 17:27:33,0.0
2026-04-18 17:27:33,0.0
2026-04-18 17:27:33,0.0
2026-04-18 17:27:33,0.0
2026-04-18 17:27:33,0.0
2026-04-18 17:27:33,0.0
2026-04-18 17:27:33,0.0
2026-04-18 17:27:33,0.0
2026-04-18 17:27:34,0.0
2026-04-18 17:27:34,0.0
2026-04-18 17:27:34,0.0
2026-04-18 17:27:34,0.0
2026-04-18 17:27:34,0.0
2026-04-18 17:27:34,0.0
2026-04-18 17:27:34,0.0
2026-04-18 17:27:34,0.0
2026-04-18 17:27:34,0.0
2026-04-18 17:27:34,0.0
2026-04-18 17:27:35,0.0
2026-04-18 17:27:35,0.0
2026-04-18 17:27:35,0.0
2026-04-18 17:27:35,0.0
2026-04-18 17:27:35,0.0
2026-04-18 17:27:35,0.0
2026-04-18 17:27:35,0.0
2026-04-18 17:27:35,0.0
2026-04-18 17:27:35,0.0
2026-04-18 17:27:36,0.0
2026-04-18 17:27:36,0.0
2026-04-18 17:27:36,0.0
2026-04-18 17:27:36,0.0
2026-04-18 17:27:36,0.0
2026-04-18 17:27:36,0.0
2026-04-18 17:27:36,0.0
2026-04-18 17:27:36,0.0
2026-04-18 17:27:36,0.0
2026-04-18 17:27:37,0.0
2026-04-18 17:27:37,0.0
2026-04-18 17:27:37,0.0
2026-04-18 17:27:37,0.0
2026-04-18 17:27:37,0.0
2026-04-18 17:27:37,0.0
2026-04-18 17:27:37,0.0
2026-04-18 17:27:37,0.0
2026-04-18 17:27:37,0.0
2026-04-18 17:27:37,0.0
2026-04-18 17:27:38,0.0
2026-04-18 17:27:38,0.0
2026-04-18 17:27:38,0.0
2026-04-18 17:27:38,0.0
2026-04-18 17:27:38,0.0
2026-04-18 17:27:38,0.0
2026-04-18 17:27:38,0.0
2026-04-18 17:27:38,0.0
2026-04-18 17:27:38,0.0
2026-04-18 17:27:39,0.0
2026-04-18 17:27:39,0.0
2026-04-18 17:27:39,0.0
2026-04-18 17:27:39,0.0
2026-04-18 17:27:39,0.0
2026-04-18 17:27:39,0.0
2026-04-18 17:27:39,0.0
2026-04-18 17:27:39,0.0
2026-04-18 17:27:39,0.0
2026-04-18 17:27:39,0.0
2026-04-18 17:27:40,0.0
2026-04-18 17:27:40,0.0
2026-04-18 17:27:40,0.0
2026-04-18 17:27:40,0.0
2026-04-18 17:27:40,0.0
2026-04-18 17:27:40,0.0
2026-04-18 17:27:40,0.0
2026-04-18 17:27:40,0.0
2026-04-18 17:27:40,0.0
2026-04-18 17:27:41,0.0
2026-04-18 17:27:41,0.0
2026-04-18 17:27:41,0.0
2026-04-18 17:27:41,0.0
2026-04-18 17:27:41,0.0
2026-04-18 17:27:41,0.0
2026-04-18 17:27:41,0.0
2026-04-18 17:27:41,0.0
2026-04-18 17:27:41,0.0
2026-04-18 17:27:42,0.0
2026-04-18 17:27:42,0.0
2026-04-18 17:27:42,0.0
2026-04-18 17:27:42,0.0
2026-04-18 17:27:42,0.0
2026-04-18 17:27:42,0.0
2026-04-18 17:27:42,0.0
2026-04-18 17:27:42,0.0
2026-04-18 17:27:42,0.0
2026-04-18 17:27:42,0.0
2026-04-18 17:27:43,0.0
2026-04-18 17:27:43,0.0
2026-04-18 17:27:43,0.0
2026-04-18 17:27:43,0.0
2026-04-18 17:27:43,0.0
2026-04-18 17:27:43,0.0
2026-04-18 17:27:43,0.0
2026-04-18 17:27:43,0.0
2026-04-18 17:27:43,0.0
2026-04-18 17:27:44,0.0
2026-04-18 17:27:44,0.0
2026-04-18 17:27:44,0.0
2026-04-18 17:27:44,0.0
2026-04-18 17:27:44,0.0
2026-04-18 17:27:44,0.0
2026-04-18 17:27:44,0.0
2026-04-18 17:27:44,0.0
2026-04-18 17:27:44,0.0
2026-04-18 17:27:45,0.0
2026-04-18 17:27:45,0.0
2026-04-18 17:27:45,0.0
2026-04-18 17:27:45,0.0
2026-04-18 17:27:45,0.0
2026-04-18 17:27:45,0.0
2026-04-18 17:27:45,0.0
2026-04-18 17:27:45,0.0
2026-04-18 17:27:45,0.0
2026-04-18 17:27:45,0.0
2026-04-18 17:27:46,0.0
2026-04-18 17:27:46,0.0
2026-04-18 17:27:46,0.0
2026-04-18 17:27:46,0.0
2026-04-18 17:27:46,0.0
2026-04-18 17:27:46,0.0
2026-04-18 17:27:46,0.0
2026-04-18 17:27:46,0.0
2026-04-18 17:27:46,0.0
2026-04-18 17:27:47,0.0
2026-04-18 17:27:47,0.0
2026-04-18 17:27:47,0.0
2026-04-18 17:27:47,0.0
2026-04-18 17:27:47,0.0
2026-04-18 17:27:47,0.0
2026-04-18 17:27:47,0.0
2026-04-18 17:27:47,0.0
2026-04-18 17:27:47,0.0
2026-04-18 17:27:47,0.0
2026-04-18 17:27:48,0.0
2026-04-18 17:27:48,0.0
2026-04-18 17:27:48,0.0
2026-04-18 17:27:48,0.0
2026-04-18 17:27:48,0.0
2026-04-18 17:27:48,0.0
2026-04-18 17:27:48,0.0
2026-04-18 17:27:48,0.0
2026-04-18 17:27:48,0.0
2026-04-18 17:27:49,0.0
2026-04-18 17:27:49,0.0
2026-04-18 17:27:49,0.0
2026-04-18 17:27:49,0.0
2026-04-18 17:27:49,0.0
2026-04-18 17:27:49,0.0
2026-04-18 17:27:49,0.0
2026-04-18 17:27:49,0.0
2026-04-18 17:27:49,0.0
2026-04-18 17:27:50,0.0
2026-04-18 17:27:50,0.0
2026-04-18 17:27:50,0.0
2026-04-18 17:27:50,0.0
2026-04-18 17:27:50,0.0
2026-04-18 17:27:50,0.0
2026-04-18 17:27:50,0.0
2026-04-18 17:27:50,0.0
2026-04-18 17:27:50,0.0
2026-04-18 17:27:50,0.0
2026-04-18 17:27:51,0.0
2026-04-18 17:27:51,0.0
2026-04-18 17:27:51,0.0
2026-04-18 17:27:51,0.0
2026-04-18 17:27:51,0.0
2026-04-18 17:27:51,0.0
2026-04-18 17:27:51,0.0
2026-04-18 17:27:51,0.0
2026-04-18 17:27:51,0.0
2026-04-18 17:27:52,0.0
2026-04-18 17:27:52,0.0
2026-04-18 17:27:52,0.0
2026-04-18 17:27:52,0.0
2026-04-18 17:27:52,0.0
2026-04-18 17:27:52,0.0
2026-04-18 17:27:52,0.0
2026-04-18 17:27:52,0.0
2026-04-18 17:27:52,0.0
2026-04-18 17:27:53,0.0
2026-04-18 17:27:53,0.0
2026-04-18 17:27:53,0.0
2026-04-18 17:27:53,0.0
2026-04-18 17:27:53,0.0
2026-04-18 17:27:53,0.0
2026-04-18 17:27:53,0.0
2026-04-18 17:27:53,0.0
2026-04-18 17:27:53,0.0
2026-04-18 17:27:53,0.0
2026-04-18 17:27:54,0.0
2026-04-18 17:27:54,0.0
2026-04-18 17:27:54,0.0
2026-04-18 17:27:54,0.0
2026-04-18 17:27:54,0.0
2026-04-18 17:27:54,0.0
2026-04-18 17:27:54,0.0
2026-04-18 17:27:54,0.0
2026-04-18 17:27:54,0.0
2026-04-18 17:27:55,0.0
2026-04-18 17:27:55,0.0
2026-04-18 17:27:55,0.0
2026-04-18 17:27:55,0.0
2026-04-18 17:27:55,0.0
2026-04-18 17:27:55,0.0
2026-04-18 17:27:55,0.0
2026-04-18 17:27:55,0.0
2026-04-18 17:27:55,0.0
2026-04-18 17:27:55,0.0
2026-04-18 17:27:56,0.0
2026-04-18 17:27:56,0.0
2026-04-18 17:27:56,0.0
2026-04-18 17:27:56,0.0
2026-04-18 17:27:56,0.0
2026-04-18 17:27:56,0.0
2026-04-18 17:27:56,0.0
2026-04-18 17:27:56,0.0
2026-04-18 17:27:56,0.0
2026-04-18 17:27:57,0.0
2026-04-18 17:27:57,0.0
2026-04-18 17:27:57,0.0
2026-04-18 17:27:57,0.0
2026-04-18 17:27:57,0.0
2026-04-18 17:27:57,0.0
2026-04-18 17:27:57,0.0
2026-04-18 17:27:57,0.0
2026-04-18 17:27:57,0.0
2026-04-18 17:27:58,0.0
2026-04-18 17:27:58,0.0
2026-04-18 17:27:58,0.0
2026-04-18 17:27:58,0.0
2026-04-18 17:27:58,0.0
2026-04-18 17:27:58,0.0
2026-04-18 17:27:58,0.0
2026-04-18 17:27:58,0.0
2026-04-18 17:27:58,0.0
2026-04-18 17:27:58,0.0
2026-04-18 17:27:59,0.0
2026-04-18 17:27:59,0.0
2026-04-18 17:27:59,0.0
2026-04-18 17:27:59,0.0
2026-04-18 17:27:59,0.0
2026-04-18 17:27:59,0.0
2026-04-18 17:27:59,0.0
2026-04-18 17:27:59,0.0
2026-04-18 17:27:59,0.0
2026-04-18 17:28:00,0.0
2026-04-18 17:28:00,0.0
2026-04-18 17:28:00,0.0
2026-04-18 17:28:00,0.0
2026-04-18 17:28:00,0.0
2026-04-18 17:28:00,0.0
2026-04-18 17:28:00,0.0
2026-04-18 17:28:00,0.0
2026-04-18 17:28:00,0.0
2026-04-18 17:28:01,0.0
2026-04-18 17:28:01,0.0
2026-04-18 17:28:01,0.0
2026-04-18 17:28:01,0.0
2026-04-18 17:28:01,0.0
2026-04-18 17:28:01,0.0
2026-04-18 17:28:01,0.0
2026-04-18 17:28:01,0.0
2026-04-18 17:28:01,0.0
2026-04-18 17:28:01,0.0
2026-04-18 17:28:02,0.0
2026-04-18 17:28:02,0.0
2026-04-18 17:28:02,0.0
2026-04-18 17:28:02,0.0
2026-04-18 17:28:02,0.0
2026-04-18 17:28:02,0.0
2026-04-18 17:28:02,0.0
2026-04-18 17:28:02,0.0
2026-04-18 17:28:02,0.0
2026-04-18 17:28:03,0.0
2026-04-18 17:28:03,0.0
2026-04-18 17:28:03,0.0
2026-04-18 17:28:03,0.0
2026-04-18 17:28:03,0.0
2026-04-18 17:28:03,0.0
2026-04-18 17:28:03,0.0
2026-04-18 17:28:03,0.0
2026-04-18 17:28:03,0.0
2026-04-18 17:28:03,0.0
2026-04-18 17:28:04,0.0
2026-04-18 17:28:04,0.0
2026-04-18 17:28:04,0.0
2026-04-18 17:28:04,0.0
2026-04-18 17:28:04,0.0
2026-04-18 17:28:04,0.0
2026-04-18 17:28:04,0.0
2026-04-18 17:28:04,0.0
2026-04-18 17:28:04,0.0
2026-04-18 17:28:05,0.0
2026-04-18 17:28:05,0.0
2026-04-18 17:28:05,0.0
2026-04-18 17:28:05,0.0
2026-04-18 17:28:05,0.0
2026-04-18 17:28:05,0.0
2026-04-18 17:28:05,0.0
2026-04-18 17:28:05,0.0
2026-04-18 17:28:05,0.0
2026-04-18 17:28:06,0.0
2026-04-18 17:28:06,0.0
2026-04-18 17:28:06,0.0
2026-04-18 17:28:06,0.0
2026-04-18 17:28:06,0.0
2026-04-18 17:28:06,0.0
2026-04-18 17:28:06,0.0
2026-04-18 17:28:06,0.0
2026-04-18 17:28:06,0.0
2026-04-18 17:28:06,0.0
2026-04-18 17:28:07,0.0
2026-04-18 17:28:07,0.0
2026-04-18 17:28:07,0.0
2026-04-18 17:28:07,0.0
2026-04-18 17:28:07,0.0
2026-04-18 17:28:07,0.0
2026-04-18 17:28:07,0.0
2026-04-18 17:28:07,0.0
2026-04-18 17:28:07,0.0
2026-04-18 17:28:08,0.0
2026-04-18 17:28:08,0.0
2026-04-18 17:28:08,0.0
2026-04-18 17:28:08,0.0
2026-04-18 17:28:08,0.0
2026-04-18 17:28:08,0.0
2026-04-18 17:28:08,0.0
2026-04-18 17:28:08,0.0
2026-04-18 17:28:08,0.0
2026-04-18 17:28:08,0.0
2026-04-18 17:28:09,0.0
2026-04-18 17:28:09,0.0
2026-04-18 17:28:09,0.0
2026-04-18 17:28:09,0.0
2026-04-18 17:28:09,0.0
2026-04-18 17:28:09,0.0
2026-04-18 17:28:09,0.0
2026-04-18 17:28:09,0.0
2026-04-18 17:28:09,0.0
2026-04-18 17:28:10,0.0
2026-04-18 17:28:10,0.0
2026-04-18 17:28:10,0.0
2026-04-18 17:28:10,0.0
2026-04-18 17:28:10,0.0
2026-04-18 17:28:10,0.0
2026-04-18 17:28:10,0.0
2026-04-18 17:28:10,0.0
2026-04-18 17:28:10,0.0
2026-04-18 17:28:11,0.0
2026-04-18 17:28:11,0.0
2026-04-18 17:28:11,0.0
2026-04-18 17:28:11,0.0
2026-04-18 17:28:11,0.0
2026-04-18 17:28:11,0.0
2026-04-18 17:28:11,0.0
2026-04-18 17:28:11,0.0
2026-04-18 17:28:11,0.0
2026-04-18 17:28:11,0.0
2026-04-18 17:28:12,0.0
2026-04-18 17:28:12,0.0
2026-04-18 17:28:12,0.0
2026-04-18 17:28:12,0.0
2026-04-18 17:28:12,0.0
2026-04-18 17:28:12,0.0
2026-04-18 17:28:12,0.0
2026-04-18 17:28:12,0.0
2026-04-18 17:28:12,0.0
2026-04-18 17:28:13,0.0
2026-04-18 17:28:13,0.0
2026-04-18 17:28:13,0.0
2026-04-18 17:28:13,0.0
2026-04-18 17:28:13,0.0
2026-04-18 17:28:13,0.0
2026-04-18 17:28:13,0.0
2026-04-18 17:28:13,0.0
2026-04-18 17:28:13,0.0
2026-04-18 17:28:14,0.0
2026-04-18 17:28:14,0.0
2026-04-18 17:28:14,0.0
2026-04-18 17:28:14,0.0
2026-04-18 17:28:14,0.0
2026-04-18 17:28:14,0.0
2026-04-18 17:28:14,0.0
2026-04-18 17:28:14,0.0
2026-04-18 17:28:14,0.0
2026-04-18 17:28:14,0.0
2026-04-18 17:28:15,0.0
2026-04-18 17:28:15,0.0
2026-04-18 17:28:15,0.0
2026-04-18 17:28:15,0.0
2026-04-18 17:28:15,0.0
2026-04-18 17:28:15,0.0
2026-04-18 17:28:15,0.0
2026-04-18 17:28:15,0.0
2026-04-18 17:28:15,0.0
2026-04-18 17:28:16,0.0
2026-04-18 17:28:16,0.0
2026-04-18 17:28:16,0.0
2026-04-18 17:28:16,0.0
2026-04-18 17:28:16,0.0
2026-04-18 17:28:16,0.0
2026-04-18 17:28:16,0.0
2026-04-18 17:28:16,0.0
2026-04-18 17:28:16,0.0
2026-04-18 17:28:16,0.0
2026-04-18 17:28:17,0.0
2026-04-18 17:28:17,0.0
2026-04-18 17:28:17,0.0
2026-04-18 17:28:17,0.0
2026-04-18 17:28:17,0.0
2026-04-18 17:28:17,0.0
2026-04-18 17:28:17,0.0
2026-04-18 17:28:17,0.0
2026-04-18 17:28:17,0.0
2026-04-18 17:28:18,0.0
2026-04-18 17:28:18,0.0
2026-04-18 17:28:18,0.0
2026-04-18 17:28:18,0.0
2026-04-18 17:28:18,0.0
2026-04-18 17:28:18,0.0
2026-04-18 17:28:18,0.0
2026-04-18 17:28:18,0.0
2026-04-18 17:28:18,0.0
2026-04-18 17:28:19,0.0
2026-04-18 17:28:19,0.0
2026-04-18 17:28:19,0.0
2026-04-18 17:28:19,0.0
2026-04-18 17:28:19,0.0
2026-04-18 17:28:19,0.0
2026-04-18 17:28:19,0.0
2026-04-18 17:28:19,0.0
2026-04-18 17:28:19,0.0
2026-04-18 17:28:19,0.0
2026-04-18 17:28:20,0.0
2026-04-18 17:28:20,0.0
2026-04-18 17:28:20,0.0
2026-04-18 17:28:20,0.0
2026-04-18 17:28:20,0.0
2026-04-18 17:28:20,0.0
2026-04-18 17:28:20,0.0
2026-04-18 17:28:20,0.0
2026-04-18 17:28:20,0.0
2026-04-18 17:28:21,0.0
2026-04-18 17:28:21,0.0
2026-04-18 17:28:21,0.0
2026-04-18 17:28:21,0.0
2026-04-18 17:28:21,0.0
2026-04-18 17:28:21,0.0
2026-04-18 17:28:21,0.0
2026-04-18 17:28:21,0.0
2026-04-18 17:28:21,0.0
2026-04-18 17:28:22,0.0
2026-04-18 17:28:22,0.0
2026-04-18 17:28:22,0.0
2026-04-18 17:28:22,0.0
2026-04-18 17:28:22,0.0
2026-04-18 17:28:22,0.0
2026-04-18 17:28:22,0.0
2026-04-18 17:28:22,0.0
2026-04-18 17:28:22,0.0
2026-04-18 17:28:22,0.0
2026-04-18 17:28:23,0.0
2026-04-18 17:28:23,0.0
2026-04-18 17:28:23,0.0
2026-04-18 17:28:23,0.0
2026-04-18 17:28:23,0.0
2026-04-18 17:28:23,0.0
2026-04-18 17:28:23,0.0
2026-04-18 17:28:23,0.0
2026-04-18 17:28:23,0.0
2026-04-18 17:28:24,0.0
2026-04-18 17:28:24,0.0
2026-04-18 17:28:24,0.0
2026-04-18 17:28:24,0.0
2026-04-18 17:28:24,0.0
2026-04-18 17:28:24,0.0
2026-04-18 17:28:24,0.0
2026-04-18 17:28:24,0.0
2026-04-18 17:28:24,0.0
2026-04-18 17:28:24,0.0
2026-04-18 17:28:25,0.0
2026-04-18 17:28:25,0.0
2026-04-18 17:28:25,0.0
2026-04-18 17:28:25,0.0
2026-04-18 17:28:25,0.0
2026-04-18 17:28:25,0.0
2026-04-18 17:28:25,0.0
2026-04-18 17:28:25,0.0
2026-04-18 17:28:25,0.0
2026-04-18 17:28:26,0.0
2026-04-18 17:28:26,0.0
2026-04-18 17:28:26,0.0
2026-04-18 17:28:26,0.0
2026-04-18 17:28:26,0.0
2026-04-18 17:28:26,0.0
2026-04-18 17:28:26,0.0
2026-04-18 17:28:26,0.0
2026-04-18 17:28:26,0.0
2026-04-18 17:28:27,0.0
2026-04-18 17:28:27,0.0
2026-04-18 17:28:27,0.0
2026-04-18 17:28:27,0.0
2026-04-18 17:28:27,0.0
2026-04-18 17:28:27,0.0
2026-04-18 17:28:27,0.0
2026-04-18 17:28:27,0.0
2026-04-18 17:28:27,0.0
2026-04-18 17:28:27,0.0
2026-04-18 17:28:28,0.0
2026-04-18 17:28:28,0.0
2026-04-18 17:28:28,0.0
2026-04-18 17:28:28,0.0
2026-04-18 17:28:28,0.0
2026-04-18 17:28:28,0.0
2026-04-18 17:28:28,0.0
2026-04-18 17:28:28,0.0
2026-04-18 17:28:28,0.0
2026-04-18 17:28:29,0.0
2026-04-18 17:28:29,0.0
2026-04-18 17:28:29,0.0
2026-04-18 17:28:29,0.0
2026-04-18 17:28:29,0.0
2026-04-18 17:28:29,0.0
2026-04-18 17:28:29,0.0
2026-04-18 17:28:29,0.0
2026-04-18 17:28:29,0.0
2026-04-18 17:28:30,0.0
2026-04-18 17:28:30,0.0
2026-04-18 17:28:30,0.0
2026-04-18 17:28:30,0.0
2026-04-18 17:28:30,0.0
2026-04-18 17:28:30,0.0
2026-04-18 17:28:30,0.0
2026-04-18 17:28:30,0.0
2026-04-18 17:28:30,0.0
2026-04-18 17:28:30,0.0
2026-04-18 17:28:31,0.0
2026-04-18 17:28:31,0.0
2026-04-18 17:28:31,0.0
2026-04-18 17:28:31,0.0
2026-04-18 17:28:31,0.0
2026-04-18 17:28:31,0.0
2026-04-18 17:28:31,0.0
2026-04-18 17:28:31,0.0
2026-04-18 17:28:31,0.0
2026-04-18 17:28:32,0.0
2026-04-18 17:28:32,0.0
2026-04-18 17:28:32,0.0
2026-04-18 17:28:32,0.0
2026-04-18 17:28:32,0.0
2026-04-18 17:28:32,0.0
2026-04-18 17:28:32,0.0
2026-04-18 17:28:32,0.0
2026-04-18 17:28:32,0.0
2026-04-18 17:28:32,0.0
2026-04-18 17:28:33,0.0
2026-04-18 17:28:33,0.0
2026-04-18 17:28:33,0.0
2026-04-18 17:28:33,0.0
2026-04-18 17:28:33,0.0
2026-04-18 17:28:33,0.0
2026-04-18 17:28:33,0.0
2026-04-18 17:28:33,0.0
2026-04-18 17:28:33,0.0
2026-04-18 17:28:34,0.0
2026-04-18 17:28:34,0.0
2026-04-18 17:28:34,0.0
2026-04-18 17:28:34,0.0
2026-04-18 17:28:34,0.0
2026-04-18 17:28:34,0.0
2026-04-18 17:28:34,0.0
2026-04-18 17:28:34,0.0
2026-04-18 17:28:34,0.0
2026-04-18 17:28:35,0.0
2026-04-18 17:28:35,0.0
2026-04-18 17:28:35,0.0
2026-04-18 17:28:35,0.0
2026-04-18 17:28:35,0.0
2026-04-18 17:28:35,0.0
2026-04-18 17:28:35,0.0
2026-04-18 17:28:35,0.0
2026-04-18 17:28:35,0.0
2026-04-18 17:28:35,0.0
2026-04-18 17:28:36,0.0
2026-04-18 17:28:36,0.0
2026-04-18 17:28:36,0.0
2026-04-18 17:28:36,0.0
2026-04-18 17:28:36,0.0
2026-04-18 17:28:36,0.0
2026-04-18 17:28:36,0.0
2026-04-18 17:28:36,0.0
2026-04-18 17:28:36,0.0
2026-04-18 17:28:37,0.0
2026-04-18 17:28:37,0.0
2026-04-18 17:28:37,0.0
2026-04-18 17:28:37,0.0
2026-04-18 17:28:37,0.0
2026-04-18 17:28:37,0.0
2026-04-18 17:28:37,0.0
2026-04-18 17:28:37,0.0
2026-04-18 17:28:37,0.0
2026-04-18 17:28:37,0.0
2026-04-18 17:28:38,0.0
2026-04-18 17:28:38,0.0
2026-04-18 17:28:38,0.0
2026-04-18 17:28:38,0.0
2026-04-18 17:28:38,0.0
2026-04-18 17:28:38,0.0
2026-04-18 17:28:38,0.0
2026-04-18 17:28:38,0.0
2026-04-18 17:28:38,0.0
2026-04-18 17:28:39,0.0
2026-04-18 17:28:39,0.0
2026-04-18 17:28:39,0.0
2026-04-18 17:28:39,0.0
2026-04-18 17:28:39,0.0
2026-04-18 17:28:39,0.0
2026-04-18 17:28:39,0.0
2026-04-18 17:28:39,0.0
2026-04-18 17:28:39,0.0
2026-04-18 17:28:40,0.0
2026-04-18 17:28:40,0.0
2026-04-18 17:28:40,0.0
2026-04-18 17:28:40,0.0
2026-04-18 17:28:40,0.0
2026-04-18 17:28:40,0.0
2026-04-18 17:28:40,0.0
2026-04-18 17:28:40,0.0
2026-04-18 17:28:40,0.0
2026-04-18 17:28:40,0.0
2026-04-18 17:28:41,0.0
2026-04-18 17:28:41,0.0
2026-04-18 17:28:41,0.0
2026-04-18 17:28:41,0.0
2026-04-18 17:28:41,0.0
2026-04-18 17:28:41,0.0
2026-04-18 17:28:41,0.0
2026-04-18 17:28:41,0.0
2026-04-18 17:28:41,0.0
2026-04-18 17:28:42,0.0
2026-04-18 17:28:42,0.0
2026-04-18 17:28:42,0.0
2026-04-18 17:28:42,0.0
2026-04-18 17:28:42,0.0
2026-04-18 17:28:42,0.0
2026-04-18 17:28:42,0.0
2026-04-18 17:28:42,0.0
2026-04-18 17:28:42,0.0
2026-04-18 17:28:43,0.0
2026-04-18 17:28:43,0.0
2026-04-18 17:28:43,0.0
2026-04-18 17:28:43,0.0
2026-04-18 17:28:43,0.0
2026-04-18 17:28:43,0.0
2026-04-18 17:28:43,0.0
2026-04-18 17:28:43,0.0
2026-04-18 17:28:43,0.0
2026-04-18 17:28:43,0.0
2026-04-18 17:28:44,0.0
2026-04-18 17:28:44,0.0
2026-04-18 17:28:44,0.0
2026-04-18 17:28:44,0.0
2026-04-18 17:28:44,0.0
2026-04-18 17:28:44,0.0
2026-04-18 17:28:44,0.0
2026-04-18 17:28:44,0.0
2026-04-18 17:28:44,0.0
2026-04-18 17:28:45,0.0
2026-04-18 17:28:45,0.0
2026-04-18 17:28:45,0.0
2026-04-18 17:28:45,0.0
2026-04-18 17:28:45,0.0
2026-04-18 17:28:45,0.0
2026-04-18 17:28:45,0.0
2026-04-18 17:28:45,0.0
2026-04-18 17:28:45,0.0
2026-04-18 17:28:45,0.0
2026-04-18 17:28:46,0.0
2026-04-18 17:28:46,0.0
2026-04-18 17:28:46,0.0
2026-04-18 17:28:46,0.0
2026-04-18 17:28:46,0.0
2026-04-18 17:28:46,0.0
2026-04-18 17:28:46,0.0
2026-04-18 17:28:46,0.0
2026-04-18 17:28:46,0.0
2026-04-18 17:28:47,0.0
2026-04-18 17:28:47,0.0
2026-04-18 17:28:47,0.0
2026-04-18 17:28:47,0.0
2026-04-18 17:28:47,0.0
2026-04-18 17:28:47,0.0
2026-04-18 17:28:47,0.0
2026-04-18 17:28:47,0.0
2026-04-18 17:28:47,0.0
2026-04-18 17:28:48,0.0
2026-04-18 17:28:48,0.0
2026-04-18 17:28:48,0.0
2026-04-18 17:28:48,0.0
2026-04-18 17:28:48,0.0
2026-04-18 17:28:48,0.0
2026-04-18 17:28:48,0.0
2026-04-18 17:28:48,0.0
2026-04-18 17:28:48,0.0
2026-04-18 17:28:48,0.0
2026-04-18 17:28:49,0.0
2026-04-18 17:28:49,0.0
2026-04-18 17:28:49,0.0
2026-04-18 17:28:49,0.0
2026-04-18 17:28:49,0.0
2026-04-18 17:28:49,0.0
2026-04-18 17:28:49,0.0
2026-04-18 17:28:49,0.0
2026-04-18 17:28:49,0.0
2026-04-18 17:28:50,0.0
2026-04-18 17:28:50,0.0
2026-04-18 17:28:50,0.0
2026-04-18 17:28:50,0.0
2026-04-18 17:28:50,0.0
2026-04-18 17:28:50,0.0
2026-04-18 17:28:50,0.0
2026-04-18 17:28:50,0.0
2026-04-18 17:28:50,0.0
2026-04-18 17:28:51,0.0
2026-04-18 17:28:51,0.0
2026-04-18 17:28:51,0.0
2026-04-18 17:28:51,0.0
2026-04-18 17:28:51,0.0
2026-04-18 17:28:51,0.0
2026-04-18 17:28:51,0.0
2026-04-18 17:28:51,0.0
2026-04-18 17:28:51,0.0
2026-04-18 17:28:51,0.0
2026-04-18 17:28:52,0.0
2026-04-18 17:28:52,0.0
2026-04-18 17:28:52,0.0
2026-04-18 17:28:52,0.0
2026-04-18 17:28:52,0.0
2026-04-18 17:28:52,0.0
2026-04-18 17:28:52,0.0
2026-04-18 17:28:52,0.0
2026-04-18 17:28:52,0.0
2026-04-18 17:28:53,0.0
2026-04-18 17:28:53,0.0
2026-04-18 17:28:53,0.0
2026-04-18 17:28:53,0.0
2026-04-18 17:28:53,0.0
2026-04-18 17:28:53,0.0
2026-04-18 17:28:53,0.0
2026-04-18 17:28:53,0.0
2026-04-18 17:28:53,0.0
2026-04-18 17:28:53,0.0
2026-04-18 17:28:54,0.0
2026-04-18 17:28:54,0.0
2026-04-18 17:28:54,0.0
2026-04-18 17:28:54,0.0
2026-04-18 17:28:54,0.0
2026-04-18 17:28:54,0.0
2026-04-18 17:28:54,0.0
2026-04-18 17:28:54,0.0
2026-04-18 17:28:54,0.0
2026-04-18 17:28:55,0.0
2026-04-18 17:28:55,0.0
2026-04-18 17:28:55,0.0
2026-04-18 17:28:55,0.0
2026-04-18 17:28:55,0.0
2026-04-18 17:28:55,0.0
2026-04-18 17:28:55,0.0
2026-04-18 17:28:55,0.0
2026-04-18 17:28:55,0.0
2026-04-18 17:28:56,0.0
2026-04-18 17:28:56,0.0
2026-04-18 17:28:56,0.0
2026-04-18 17:28:56,0.0
2026-04-18 17:28:56,0.0
2026-04-18 17:28:56,0.0
2026-04-18 17:28:56,0.0
2026-04-18 17:28:56,0.0
2026-04-18 17:28:56,0.0
2026-04-18 17:28:56,0.0
2026-04-18 17:28:57,0.0
2026-04-18 17:28:57,0.0
2026-04-18 17:28:57,0.0
2026-04-18 17:28:57,0.0
2026-04-18 17:28:57,0.0
2026-04-18 17:28:57,0.0
2026-04-18 17:28:57,0.0
2026-04-18 17:28:57,0.0
2026-04-18 17:28:57,0.0
2026-04-18 17:28:58,0.0
2026-04-18 17:28:58,0.0
2026-04-18 17:28:58,0.0
2026-04-18 17:28:58,0.0
2026-04-18 17:28:58,0.0
2026-04-18 17:28:58,0.0
2026-04-18 17:28:58,0.0
2026-04-18 17:28:58,0.0
2026-04-18 17:28:58,0.0
2026-04-18 17:28:59,0.0
2026-04-18 17:28:59,0.0
2026-04-18 17:28:59,0.0
2026-04-18 17:28:59,0.0
2026-04-18 17:28:59,0.0
2026-04-18 17:28:59,0.0
2026-04-18 17:28:59,0.0
2026-04-18 17:28:59,0.0
2026-04-18 17:28:59,0.0
2026-04-18 17:28:59,0.0
2026-04-18 17:29:00,0.0
2026-04-18 17:29:00,0.0
2026-04-18 17:29:00,0.0
2026-04-18 17:29:00,0.0
2026-04-18 17:29:00,0.0
2026-04-18 17:29:00,0.0
2026-04-18 17:29:00,0.0
2026-04-18 17:29:00,0.0
2026-04-18 17:29:00,0.0
2026-04-18 17:29:01,0.0
2026-04-18 17:29:01,0.0
2026-04-18 17:29:01,0.0
2026-04-18 17:29:01,0.0
2026-04-18 17:29:01,0.0
2026-04-18 17:29:01,0.0
2026-04-18 17:29:01,0.0
2026-04-18 17:29:01,0.0
2026-04-18 17:29:01,0.0
2026-04-18 17:29:01,0.0
2026-04-18 17:29:02,0.0
2026-04-18 17:29:02,0.0
2026-04-18 17:29:02,0.0
2026-04-18 17:29:02,0.0
2026-04-18 17:29:02,0.0
2026-04-18 17:29:02,0.0
2026-04-18 17:29:02,0.0
2026-04-18 17:29:02,0.0
2026-04-18 17:29:02,0.0
2026-04-18 17:29:03,0.0
2026-04-18 17:29:03,0.0
2026-04-18 17:29:03,0.0
2026-04-18 17:29:03,0.0
2026-04-18 17:29:03,0.0
2026-04-18 17:29:03,0.0
2026-04-18 17:29:03,0.0
2026-04-18 17:29:03,0.0
2026-04-18 17:29:03,0.0
2026-04-18 17:29:04,0.0
2026-04-18 17:29:04,0.0
2026-04-18 17:29:04,0.0
2026-04-18 17:29:04,0.0
2026-04-18 17:29:04,0.0
2026-04-18 17:29:04,0.0
2026-04-18 17:29:04,0.0
2026-04-18 17:29:04,0.0
2026-04-18 17:29:04,0.0
2026-04-18 17:29:04,0.0
2026-04-18 17:29:05,0.0
2026-04-18 17:29:05,0.0
2026-04-18 17:29:05,0.0
2026-04-18 17:29:05,0.0
2026-04-18 17:29:05,0.0
2026-04-18 17:29:05,0.0
2026-04-18 17:29:05,0.0
2026-04-18 17:29:05,0.0
2026-04-18 17:29:05,0.0
2026-04-18 17:29:06,0.0
2026-04-18 17:29:06,0.0
2026-04-18 17:29:06,0.0
2026-04-18 17:29:06,0.0
2026-04-18 17:29:06,0.0
2026-04-18 17:29:06,0.0
2026-04-18 17:29:06,0.0
2026-04-18 17:29:06,0.0
2026-04-18 17:29:06,0.0
2026-04-18 17:29:07,0.0
2026-04-18 17:29:07,0.0
2026-04-18 17:29:07,0.0
2026-04-18 17:29:07,0.0
2026-04-18 17:29:07,0.0
2026-04-18 17:29:07,0.0
2026-04-18 17:29:07,0.0
2026-04-18 17:29:07,0.0
2026-04-18 17:29:07,0.0
2026-04-18 17:29:07,0.0
2026-04-18 17:29:08,0.0
2026-04-18 17:29:08,0.0
2026-04-18 17:29:08,0.0
2026-04-18 17:29:08,0.0
2026-04-18 17:29:08,0.0
2026-04-18 17:29:08,0.0
2026-04-18 17:29:08,0.0
2026-04-18 17:29:08,0.0
2026-04-18 17:29:08,0.0
2026-04-18 17:29:09,0.0
2026-04-18 17:29:09,0.0
2026-04-18 17:29:09,0.0
2026-04-18 17:29:09,0.0
2026-04-18 17:29:09,0.0
2026-04-18 17:29:09,0.0
2026-04-18 17:29:09,0.0
2026-04-18 17:29:09,0.0
2026-04-18 17:29:09,0.0
2026-04-18 17:29:09,0.0
2026-04-18 17:29:10,0.0
2026-04-18 17:29:10,0.0
2026-04-18 17:29:10,0.0
2026-04-18 17:29:10,0.0
2026-04-18 17:29:10,0.0
2026-04-18 17:29:10,0.0
2026-04-18 17:29:10,0.0
2026-04-18 17:29:10,0.0
2026-04-18 17:29:10,0.0
2026-04-18 17:29:11,0.0
2026-04-18 17:29:11,0.0
2026-04-18 17:29:11,0.0
2026-04-18 17:29:11,0.0
2026-04-18 17:29:11,0.0
2026-04-18 17:29:11,0.0
2026-04-18 17:29:11,0.0
2026-04-18 17:29:11,0.0
2026-04-18 17:29:11,0.0
2026-04-18 17:29:12,0.0
2026-04-18 17:29:12,0.0
2026-04-18 17:29:12,0.0
2026-04-18 17:29:12,0.0
2026-04-18 17:29:12,0.0
2026-04-18 17:29:12,0.0
2026-04-18 17:29:12,0.0
2026-04-18 17:29:12,0.0
2026-04-18 17:29:12,0.0
2026-04-18 17:29:12,0.0
2026-04-18 17:29:13,0.0
2026-04-18 17:29:13,0.0
2026-04-18 17:29:13,0.0
2026-04-18 17:29:13,0.0
2026-04-18 17:29:13,0.0
2026-04-18 17:29:13,0.0
2026-04-18 17:29:13,0.0
2026-04-18 17:29:13,0.0
2026-04-18 17:29:13,0.0
2026-04-18 17:29:14,0.0
2026-04-18 17:29:14,0.0
2026-04-18 17:29:14,0.0
2026-04-18 17:29:14,0.0
2026-04-18 17:29:14,0.0
2026-04-18 17:29:14,0.0
2026-04-18 17:29:14,0.0
2026-04-18 17:29:14,0.0
2026-04-18 17:29:14,0.0
2026-04-18 17:29:14,0.0
2026-04-18 17:29:15,0.0
2026-04-18 17:29:15,0.0
2026-04-18 17:29:15,0.0
2026-04-18 17:29:15,0.0
2026-04-18 17:29:15,0.0
2026-04-18 17:29:15,0.0
2026-04-18 17:29:15,0.0
2026-04-18 17:29:15,0.0
2026-04-18 17:29:15,0.0
2026-04-18 17:29:16,0.0
2026-04-18 17:29:16,0.0
2026-04-18 17:29:16,0.0
2026-04-18 17:29:16,0.0
2026-04-18 17:29:16,0.0
2026-04-18 17:29:16,0.0
2026-04-18 17:29:16,0.0
2026-04-18 17:29:16,0.0
2026-04-18 17:29:16,0.0
2026-04-18 17:29:17,0.0
2026-04-18 17:29:17,0.0
2026-04-18 17:29:17,0.0
2026-04-18 17:29:17,0.0
2026-04-18 17:29:17,0.0
2026-04-18 17:29:17,0.0
2026-04-18 17:29:17,0.0
2026-04-18 17:29:17,0.0
2026-04-18 17:29:17,0.0
2026-04-18 17:29:17,0.0
2026-04-18 17:29:18,0.0
2026-04-18 17:29:18,0.0
2026-04-18 17:29:18,0.0
2026-04-18 17:29:18,0.0
2026-04-18 17:29:18,0.0
2026-04-18 17:29:18,0.0
2026-04-18 17:29:18,0.0
2026-04-18 17:29:18,0.0
2026-04-18 17:29:18,0.0
2026-04-18 17:29:19,0.0
2026-04-18 17:29:19,0.0
2026-04-18 17:29:19,0.0
2026-04-18 17:29:19,0.0
2026-04-18 17:29:19,0.0
2026-04-18 17:29:19,0.0
2026-04-18 17:29:19,0.0
2026-04-18 17:29:19,0.0
2026-04-18 17:29:19,0.0
2026-04-18 17:29:20,0.0
2026-04-18 17:29:20,0.0
2026-04-18 17:29:20,0.0
2026-04-18 17:29:20,0.0
2026-04-18 17:29:20,0.0
2026-04-18 17:29:20,0.0
2026-04-18 17:29:20,0.0
2026-04-18 17:29:20,0.0
2026-04-18 17:29:20,0.0
2026-04-18 17:29:20,0.0
2026-04-18 17:29:21,0.0
2026-04-18 17:29:21,0.0
2026-04-18 17:29:21,0.0
2026-04-18 17:29:21,0.0
2026-04-18 17:29:21,0.0
2026-04-18 17:29:21,0.0
2026-04-18 17:29:21,0.0
2026-04-18 17:29:21,0.0
2026-04-18 17:29:21,0.0
2026-04-18 17:29:22,0.0
2026-04-18 17:29:22,0.0
2026-04-18 17:29:22,0.0
2026-04-18 17:29:22,0.0
2026-04-18 17:29:22,0.0
2026-04-18 17:29:22,0.0
2026-04-18 17:29:22,0.0
2026-04-18 17:29:22,0.0
2026-04-18 17:29:22,0.0
2026-04-18 17:29:22,0.0
2026-04-18 17:29:23,0.0
2026-04-18 17:29:23,0.0
2026-04-18 17:29:23,0.0
2026-04-18 17:29:23,0.0
2026-04-18 17:29:23,0.0
2026-04-18 17:29:23,0.0
2026-04-18 17:29:23,0.0
2026-04-18 17:29:23,0.0
2026-04-18 17:29:23,0.0
2026-04-18 17:29:24,0.0
2026-04-18 17:29:24,0.0
2026-04-18 17:29:24,0.0
2026-04-18 17:29:24,0.0
2026-04-18 17:29:24,0.0
2026-04-18 17:29:24,0.0
2026-04-18 17:29:24,0.0
2026-04-18 17:29:24,0.0
2026-04-18 17:29:24,0.0
2026-04-18 17:29:25,0.0
2026-04-18 17:29:25,0.0
2026-04-18 17:29:25,0.0
2026-04-18 17:29:25,0.0
2026-04-18 17:29:25,0.0
2026-04-18 17:29:25,0.0
2026-04-18 17:29:25,0.0
2026-04-18 17:29:25,0.0
2026-04-18 17:29:25,0.0
2026-04-18 17:29:25,0.0
2026-04-18 17:29:26,0.0
2026-04-18 17:29:26,0.0
2026-04-18 17:29:26,0.0
2026-04-18 17:29:26,0.0
2026-04-18 17:29:26,0.0
2026-04-18 17:29:26,0.0
2026-04-18 17:29:26,0.0
2026-04-18 17:29:26,0.0
2026-04-18 17:29:26,0.0
2026-04-18 17:29:27,0.0
2026-04-18 17:29:27,0.0
2026-04-18 17:29:27,0.0
2026-04-18 17:29:27,0.0
2026-04-18 17:29:27,0.0
2026-04-18 17:29:27,0.0
2026-04-18 17:29:27,0.0
2026-04-18 17:29:27,0.0
2026-04-18 17:29:27,0.0
2026-04-18 17:29:28,0.0
2026-04-18 17:29:28,0.0
2026-04-18 17:29:28,0.0
2026-04-18 17:29:28,0.0
2026-04-18 17:29:28,0.0
2026-04-18 17:29:28,0.0
2026-04-18 17:29:28,0.0
2026-04-18 17:29:28,0.0
2026-04-18 17:29:28,0.0
2026-04-18 17:29:28,0.0
2026-04-18 17:29:29,0.0
2026-04-18 17:29:29,0.0
2026-04-18 17:29:29,0.0
2026-04-18 17:29:29,0.0
2026-04-18 17:29:29,0.0
2026-04-18 17:29:29,0.0
2026-04-18 17:29:29,0.0
2026-04-18 17:29:29,0.0
2026-04-18 17:29:29,0.0
2026-04-18 17:29:30,0.0
2026-04-18 17:29:30,0.0
2026-04-18 17:29:30,0.0
2026-04-18 17:29:30,0.0
2026-04-18 17:29:30,0.0
2026-04-18 17:29:30,0.0
2026-04-18 17:29:30,0.0
2026-04-18 17:29:30,0.0
2026-04-18 17:29:30,0.0
2026-04-18 17:29:30,0.0
2026-04-18 17:29:31,0.0
2026-04-18 17:29:31,0.0
2026-04-18 17:29:31,0.0
2026-04-18 17:29:31,0.0
2026-04-18 17:29:31,0.0
2026-04-18 17:29:31,0.0
2026-04-18 17:29:31,0.0
2026-04-18 17:29:31,0.0
2026-04-18 17:29:31,0.0
2026-04-18 17:29:32,0.0
2026-04-18 17:29:32,0.0
2026-04-18 17:29:32,0.0
2026-04-18 17:29:32,0.0
2026-04-18 17:29:32,0.0
2026-04-18 17:29:32,0.0
2026-04-18 17:29:32,0.0
2026-04-18 17:29:32,0.0
2026-04-18 17:29:32,0.0
2026-04-18 17:29:33,0.0
2026-04-18 17:29:33,0.0
2026-04-18 17:29:33,0.0
2026-04-18 17:29:33,0.0
2026-04-18 17:29:33,0.0
2026-04-18 17:29:33,0.0
2026-04-18 17:29:33,0.0
2026-04-18 17:29:33,0.0
2026-04-18 17:29:33,0.0
2026-04-18 17:29:33,0.0
2026-04-18 17:29:34,0.0
2026-04-18 17:29:34,0.0
2026-04-18 17:29:34,0.0
2026-04-18 17:29:34,0.0
2026-04-18 17:29:34,0.0
2026-04-18 17:29:34,0.0
2026-04-18 17:29:34,0.0
2026-04-18 17:29:34,0.0
2026-04-18 17:29:34,0.0
2026-04-18 17:29:35,0.0
2026-04-18 17:29:35,0.0
2026-04-18 17:29:35,0.0
2026-04-18 17:29:35,0.0
2026-04-18 17:29:35,0.0
2026-04-18 17:29:35,0.0
2026-04-18 17:29:35,0.0
2026-04-18 17:29:35,0.0
2026-04-18 17:29:35,0.0
2026-04-18 17:29:36,0.0
2026-04-18 17:29:36,0.0
2026-04-18 17:29:36,0.0
2026-04-18 17:29:36,0.0
2026-04-18 17:29:36,0.0
2026-04-18 17:29:36,0.0
2026-04-18 17:29:36,0.0
2026-04-18 17:29:36,0.0
2026-04-18 17:29:36,0.0
2026-04-18 17:29:36,0.0
2026-04-18 17:29:37,0.0
2026-04-18 17:29:37,0.0
2026-04-18 17:29:37,0.0
2026-04-18 17:29:37,0.0
2026-04-18 17:29:37,0.0
2026-04-18 17:29:37,0.0
2026-04-18 17:29:37,0.0
2026-04-18 17:29:37,0.0
2026-04-18 17:29:37,0.0
2026-04-18 17:29:38,0.0
2026-04-18 17:29:38,0.0
2026-04-18 17:29:38,0.0
2026-04-18 17:29:38,0.0
2026-04-18 17:29:38,0.0
2026-04-18 17:29:38,0.0
2026-04-18 17:29:38,0.0
2026-04-18 17:29:38,0.0
2026-04-18 17:29:38,0.0
2026-04-18 17:29:38,0.0
2026-04-18 17:29:39,0.0
2026-04-18 17:29:39,0.0
2026-04-18 17:29:39,0.0
2026-04-18 17:29:39,0.0
2026-04-18 17:29:39,0.0
2026-04-18 17:29:39,0.0
2026-04-18 17:29:39,0.0
2026-04-18 17:29:39,0.0
2026-04-18 17:29:39,0.0
2026-04-18 17:29:40,0.0
2026-04-18 17:29:40,0.0
2026-04-18 17:29:40,0.0
2026-04-18 17:29:40,0.0
2026-04-18 17:29:40,0.0
2026-04-18 17:29:40,0.0
2026-04-18 17:29:40,0.0
2026-04-18 17:29:40,0.0
2026-04-18 17:29:40,0.0
2026-04-18 17:29:41,0.0
2026-04-18 17:29:41,0.0
2026-04-18 17:29:41,0.0
2026-04-18 17:29:41,0.0
2026-04-18 17:29:41,0.0
2026-04-18 17:29:41,0.0
2026-04-18 17:29:41,0.0
2026-04-18 17:29:41,0.0
2026-04-18 17:29:41,0.0
2026-04-18 17:29:41,0.0
2026-04-18 17:29:42,0.0
2026-04-18 17:29:42,0.0
2026-04-18 17:29:42,0.0
2026-04-18 17:29:42,0.0
2026-04-18 17:29:42,0.0
2026-04-18 17:29:42,0.0
2026-04-18 17:29:42,0.0
2026-04-18 17:29:42,0.0
2026-04-18 17:29:42,0.0
2026-04-18 17:29:43,0.0
2026-04-18 17:29:43,0.0
2026-04-18 17:29:43,0.0
2026-04-18 17:29:43,0.0
2026-04-18 17:29:43,0.0
2026-04-18 17:29:43,0.0
2026-04-18 17:29:43,0.0
2026-04-18 17:29:43,0.0
2026-04-18 17:29:43,0.0
2026-04-18 17:29:43,0.0
2026-04-18 17:29:44,0.0
2026-04-18 17:29:44,0.0
2026-04-18 17:29:44,0.0
2026-04-18 17:29:44,0.0
2026-04-18 17:29:44,0.0
2026-04-18 17:29:44,0.0
2026-04-18 17:29:44,0.0
2026-04-18 17:29:44,0.0
2026-04-18 17:29:44,0.0
2026-04-18 17:29:45,0.0
2026-04-18 17:29:45,0.0
2026-04-18 17:29:45,0.0
2026-04-18 17:29:45,0.0
2026-04-18 17:29:45,0.0
2026-04-18 17:29:45,0.0
2026-04-18 17:29:45,0.0
2026-04-18 17:29:45,0.0
2026-04-18 17:29:45,0.0
2026-04-18 17:29:46,0.0
2026-04-18 17:29:46,0.0
2026-04-18 17:29:46,0.0
2026-04-18 17:29:46,0.0
2026-04-18 17:29:46,0.0
2026-04-18 17:29:46,0.0
2026-04-18 17:29:46,0.0
2026-04-18 17:29:46,0.0
2026-04-18 17:29:46,0.0
2026-04-18 17:29:46,0.0
2026-04-18 17:29:47,0.0
2026-04-18 17:29:47,0.0
2026-04-18 17:29:47,0.0
2026-04-18 17:29:47,0.0
2026-04-18 17:29:47,0.0
2026-04-18 17:29:47,0.0
2026-04-18 17:29:47,0.0
2026-04-18 17:29:47,0.0
2026-04-18 17:29:47,0.0
2026-04-18 17:29:48,0.0
2026-04-18 17:29:48,0.0
2026-04-18 17:29:48,0.0
2026-04-18 17:29:48,0.0
2026-04-18 17:29:48,0.0
2026-04-18 17:29:48,0.0
2026-04-18 17:29:48,0.0
2026-04-18 17:29:48,0.0
2026-04-18 17:29:48,0.0
2026-04-18 17:29:49,0.0
2026-04-18 17:29:49,0.0
2026-04-18 17:29:49,0.0
2026-04-18 17:29:49,0.0
2026-04-18 17:29:49,0.0
2026-04-18 17:29:49,0.0
2026-04-18 17:29:49,0.0
2026-04-18 17:29:49,0.0
2026-04-18 17:29:49,0.0
2026-04-18 17:29:49,0.0
2026-04-18 17:29:50,0.0
2026-04-18 17:29:50,0.0
2026-04-18 17:29:50,0.0
2026-04-18 17:29:50,0.0
2026-04-18 17:29:50,0.0
2026-04-18 17:29:50,0.0
2026-04-18 17:29:50,0.0
2026-04-18 17:29:50,0.0
2026-04-18 17:29:50,0.0
2026-04-18 17:29:51,0.0
2026-04-18 17:29:51,0.0
2026-04-18 17:29:51,0.0
2026-04-18 17:29:51,0.0
2026-04-18 17:29:51,0.0
2026-04-18 17:29:51,0.0
2026-04-18 17:29:51,0.0
2026-04-18 17:29:51,0.0
2026-04-18 17:29:51,0.0
2026-04-18 17:29:51,0.0
2026-04-18 17:29:52,0.0
2026-04-18 17:29:52,0.0
2026-04-18 17:29:52,0.0
2026-04-18 17:29:52,0.0
2026-04-18 17:29:52,0.0
2026-04-18 17:29:52,0.0
2026-04-18 17:29:52,0.0
2026-04-18 17:29:52,0.0
2026-04-18 17:29:52,0.0
2026-04-18 17:29:53,0.0
2026-04-18 17:29:53,0.0
2026-04-18 17:29:53,0.0
2026-04-18 17:29:53,0.0
2026-04-18 17:29:53,0.0
2026-04-18 17:29:53,0.0
2026-04-18 17:29:53,0.0
2026-04-18 17:29:53,0.0
2026-04-18 17:29:53,0.0
2026-04-18 17:29:54,0.0
2026-04-18 17:29:54,0.0
2026-04-18 17:29:54,0.0
2026-04-18 17:29:54,0.0
2026-04-18 17:29:54,0.0
2026-04-18 17:29:54,0.0
2026-04-18 17:29:54,0.0
2026-04-18 17:29:54,0.0
2026-04-18 17:29:54,0.0
2026-04-18 17:29:54,0.0
2026-04-18 17:29:55,0.0
2026-04-18 17:29:55,0.0
2026-04-18 17:29:55,0.0
2026-04-18 17:29:55,0.0
2026-04-18 17:29:55,0.0
2026-04-18 17:29:55,0.0
2026-04-18 17:29:55,0.0
2026-04-18 17:29:55,0.0
2026-04-18 17:29:55,0.0
2026-04-18 17:29:56,0.0
2026-04-18 17:29:56,0.0
2026-04-18 17:29:56,0.0
2026-04-18 17:29:56,0.0
2026-04-18 17:29:56,0.0
2026-04-18 17:29:56,0.0
2026-04-18 17:29:56,0.0
2026-04-18 17:29:56,0.0
2026-04-18 17:29:56,0.0
2026-04-18 17:29:57,0.0
2026-04-18 17:29:57,0.0
2026-04-18 17:29:57,0.0
2026-04-18 17:29:57,0.0
2026-04-18 17:29:57,0.0
2026-04-18 17:29:57,0.0
2026-04-18 17:29:57,0.0
2026-04-18 17:29:57,0.0
2026-04-18 17:29:57,0.0
2026-04-18 17:29:57,0.0
2026-04-18 17:29:58,0.0
2026-04-18 17:29:58,0.0
2026-04-18 17:29:58,0.0
2026-04-18 17:29:58,0.0
2026-04-18 17:29:58,0.0
2026-04-18 17:29:58,0.0
2026-04-18 17:29:58,0.0
2026-04-18 17:29:58,0.0
2026-04-18 17:29:58,0.0
2026-04-18 17:29:59,0.0
2026-04-18 17:29:59,0.0
2026-04-18 17:29:59,0.0
2026-04-18 17:29:59,0.0
2026-04-18 17:29:59,0.0
2026-04-18 17:29:59,0.0
2026-04-18 17:29:59,0.0
2026-04-18 17:29:59,0.0
2026-04-18 17:29:59,0.0
2026-04-18 17:29:59,0.0
2026-04-18 17:30:00,0.0
2026-04-18 17:30:00,0.0
2026-04-18 17:30:00,0.0
2026-04-18 17:30:00,0.0
2026-04-18 17:30:00,0.0
2026-04-18 17:30:00,0.0
2026-04-18 17:30:00,0.0
2026-04-18 17:30:00,0.0
2026-04-18 17:30:00,0.0
2026-04-18 17:30:01,0.0
2026-04-18 17:30:01,0.0
2026-04-18 17:30:01,0.0
2026-04-18 17:30:01,0.0
2026-04-18 17:30:01,0.0
2026-04-18 17:30:01,0.0
2026-04-18 17:30:01,0.0
2026-04-18 17:30:01,0.0
2026-04-18 17:30:01,0.0
2026-04-18 17:30:02,0.0
2026-04-18 17:30:02,0.0
2026-04-18 17:30:02,0.0
2026-04-18 17:30:02,0.0
2026-04-18 17:30:02,0.0
2026-04-18 17:30:02,0.0
2026-04-18 17:30:02,0.0
2026-04-18 17:30:02,0.0
2026-04-18 17:30:02,0.0
2026-04-18 17:30:02,0.0
2026-04-18 17:30:03,0.0
2026-04-18 17:30:03,0.0
2026-04-18 17:30:03,0.0
2026-04-18 17:30:03,0.0
2026-04-18 17:30:03,0.0
2026-04-18 17:30:03,0.0
2026-04-18 17:30:03,0.0
2026-04-18 17:30:03,0.0
2026-04-18 17:30:03,0.0
2026-04-18 17:30:04,0.0
2026-04-18 17:30:04,0.0
2026-04-18 17:30:04,0.0
2026-04-18 17:30:04,0.0
2026-04-18 17:30:04,0.0
2026-04-18 17:30:04,0.0
2026-04-18 17:30:04,0.0
2026-04-18 17:30:04,0.0
2026-04-18 17:30:04,0.0
2026-04-18 17:30:05,0.0
2026-04-18 17:30:05,0.0
2026-04-18 17:30:05,0.0
2026-04-18 17:30:05,0.0
2026-04-18 17:30:05,0.0
2026-04-18 17:30:05,0.0
2026-04-18 17:30:05,0.0
2026-04-18 17:30:05,0.0
2026-04-18 17:30:05,0.0
2026-04-18 17:30:05,0.0
2026-04-18 17:30:06,0.0
2026-04-18 17:30:06,0.0
2026-04-18 17:30:06,0.0
2026-04-18 17:30:06,0.0
2026-04-18 17:30:06,0.0
2026-04-18 17:30:06,0.0
2026-04-18 17:30:06,0.0
2026-04-18 17:30:06,0.0
2026-04-18 17:30:06,0.0
2026-04-18 17:30:07,0.0
2026-04-18 17:30:07,0.0
2026-04-18 17:30:07,0.0
2026-04-18 17:30:07,0.0
2026-04-18 17:30:07,0.0
2026-04-18 17:30:07,0.0
2026-04-18 17:30:07,0.0
2026-04-18 17:30:07,0.0
2026-04-18 17:30:07,0.0
2026-04-18 17:30:07,0.0
2026-04-18 17:30:08,0.0
2026-04-18 17:30:08,0.0
2026-04-18 17:30:08,0.0
2026-04-18 17:30:08,0.0
2026-04-18 17:30:08,0.0
2026-04-18 17:30:08,0.0
2026-04-18 17:30:08,0.0
2026-04-18 17:30:08,0.0
2026-04-18 17:30:08,0.0
2026-04-18 17:30:09,0.0
2026-04-18 17:30:09,0.0
2026-04-18 17:30:09,0.0
2026-04-18 17:30:09,0.0
2026-04-18 17:30:09,0.0
2026-04-18 17:30:09,0.0
2026-04-18 17:30:09,0.0
2026-04-18 17:30:09,0.0
2026-04-18 17:30:09,0.0
2026-04-18 17:30:10,0.0
2026-04-18 17:30:10,0.0
2026-04-18 17:30:10,0.0
2026-04-18 17:30:10,0.0
2026-04-18 17:30:10,0.0
2026-04-18 17:30:10,0.0
2026-04-18 17:30:10,0.0
2026-04-18 17:30:10,0.0
2026-04-18 17:30:10,0.0
2026-04-18 17:30:10,0.0
2026-04-18 17:30:11,0.0
2026-04-18 17:30:11,0.0
2026-04-18 17:30:11,0.0
2026-04-18 17:30:11,0.0
2026-04-18 17:30:11,0.0
2026-04-18 17:30:11,0.0
2026-04-18 17:30:11,0.0
2026-04-18 17:30:11,0.0
2026-04-18 17:30:11,0.0
2026-04-18 17:30:12,0.0
2026-04-18 17:30:12,0.0
2026-04-18 17:30:12,0.0
2026-04-18 17:30:12,0.0
2026-04-18 17:30:12,0.0
2026-04-18 17:30:12,0.0
2026-04-18 17:30:12,0.0
2026-04-18 17:30:12,0.0
2026-04-18 17:30:12,0.0
2026-04-18 17:30:12,0.0
2026-04-18 17:30:13,0.0
2026-04-18 17:30:13,0.0
2026-04-18 17:30:13,0.0
2026-04-18 17:30:13,0.0
2026-04-18 17:30:13,0.0
2026-04-18 17:30:13,0.0
2026-04-18 17:30:13,0.0
2026-04-18 17:30:13,0.0
2026-04-18 17:30:13,0.0
2026-04-18 17:30:14,0.0
2026-04-18 17:30:14,0.0
2026-04-18 17:30:14,0.0
2026-04-18 17:30:14,0.0
2026-04-18 17:30:14,0.0
2026-04-18 17:30:14,0.0
2026-04-18 17:30:14,0.0
2026-04-18 17:30:14,0.0
2026-04-18 17:30:14,0.0
2026-04-18 17:30:15,0.0
2026-04-18 17:30:15,0.0
2026-04-18 17:30:15,0.0
2026-04-18 17:30:15,0.0
2026-04-18 17:30:15,0.0
2026-04-18 17:30:15,0.0
2026-04-18 17:30:15,0.0
2026-04-18 17:30:15,0.0
2026-04-18 17:30:15,0.0
2026-04-18 17:30:15,0.0
2026-04-18 17:30:16,0.0
2026-04-18 17:30:16,0.0
2026-04-18 17:30:16,0.0
2026-04-18 17:30:16,0.0
2026-04-18 17:30:16,0.0
2026-04-18 17:30:16,0.0
2026-04-18 17:30:16,0.0
2026-04-18 17:30:16,0.0
2026-04-18 17:30:16,0.0
2026-04-18 17:30:17,0.0
2026-04-18 17:30:17,0.0
2026-04-18 17:30:17,0.0
2026-04-18 17:30:17,0.0
2026-04-18 17:30:17,0.0
2026-04-18 17:30:17,0.0
2026-04-18 17:30:17,0.0
2026-04-18 17:30:17,0.0
2026-04-18 17:30:17,0.0
2026-04-18 17:30:18,0.0
2026-04-18 17:30:18,0.0
2026-04-18 17:30:18,0.0
2026-04-18 17:30:18,0.0
2026-04-18 17:30:18,0.0
2026-04-18 17:30:18,0.0
2026-04-18 17:30:18,0.0
2026-04-18 17:30:18,0.0
2026-04-18 17:30:18,0.0
2026-04-18 17:30:18,0.0
2026-04-18 17:30:19,0.0
2026-04-18 17:30:19,0.0
2026-04-18 17:30:19,0.0
2026-04-18 17:30:19,0.0
2026-04-18 17:30:19,0.0
2026-04-18 17:30:19,0.0
2026-04-18 17:30:19,0.0
2026-04-18 17:30:19,0.0
2026-04-18 17:30:19,0.0
2026-04-18 17:30:20,0.0
2026-04-18 17:30:20,0.0
2026-04-18 17:30:20,0.0
2026-04-18 17:30:20,0.0
2026-04-18 17:30:20,0.0
2026-04-18 17:30:20,0.0
2026-04-18 17:30:20,0.0
2026-04-18 17:30:20,0.0
2026-04-18 17:30:20,0.0
2026-04-18 17:30:20,0.0
2026-04-18 17:30:21,0.0
2026-04-18 17:30:21,0.0
2026-04-18 17:30:21,0.0
2026-04-18 17:30:21,0.0
2026-04-18 17:30:21,0.0
2026-04-18 17:30:21,0.0
2026-04-18 17:30:21,0.0
2026-04-18 17:30:21,0.0
2026-04-18 17:30:21,0.0
2026-04-18 17:30:22,0.0
2026-04-18 17:30:22,0.0
2026-04-18 17:30:22,0.0
2026-04-18 17:30:22,0.0
2026-04-18 17:30:22,0.0
2026-04-18 17:30:22,0.0
2026-04-18 17:30:22,0.0
2026-04-18 17:30:22,0.0
2026-04-18 17:30:22,0.0
2026-04-18 17:30:23,0.0
2026-04-18 17:30:23,0.0
2026-04-18 17:30:23,0.0
2026-04-18 17:30:23,0.0
2026-04-18 17:30:23,0.0
2026-04-18 17:30:23,0.0
2026-04-18 17:30:23,0.0
2026-04-18 17:30:23,0.0
2026-04-18 17:30:23,0.0
2026-04-18 17:30:23,0.0
2026-04-18 17:30:24,0.0
2026-04-18 17:30:24,0.0
2026-04-18 17:30:24,0.0
2026-04-18 17:30:24,0.0
2026-04-18 17:30:24,0.0
2026-04-18 17:30:24,0.0
2026-04-18 17:30:24,0.0
2026-04-18 17:30:24,0.0
2026-04-18 17:30:24,0.0
2026-04-18 17:30:25,0.0
2026-04-18 17:30:25,0.0
2026-04-18 17:30:25,0.0
2026-04-18 17:30:25,0.0
2026-04-18 17:30:25,0.0
2026-04-18 17:30:25,0.0
2026-04-18 17:30:25,0.0
2026-04-18 17:30:25,0.0
2026-04-18 17:30:25,0.0
2026-04-18 17:30:26,0.0
2026-04-18 17:30:26,0.0
2026-04-18 17:30:26,0.0
2026-04-18 17:30:26,0.0
2026-04-18 17:30:26,0.0
2026-04-18 17:30:26,0.0
2026-04-18 17:30:26,0.0
2026-04-18 17:30:26,0.0
2026-04-18 17:30:26,0.0
2026-04-18 17:30:26,0.0
2026-04-18 17:30:27,0.0
2026-04-18 17:30:27,0.0
2026-04-18 17:30:27,0.0
2026-04-18 17:30:27,0.0
2026-04-18 17:30:27,0.0
2026-04-18 17:30:27,0.0
2026-04-18 17:30:27,0.0
2026-04-18 17:30:27,0.0
2026-04-18 17:30:27,0.0
2026-04-18 17:30:28,0.0
2026-04-18 17:30:28,0.0
2026-04-18 17:30:28,0.0
2026-04-18 17:30:28,0.0
2026-04-18 17:30:28,0.0
2026-04-18 17:30:28,0.0
2026-04-18 17:30:28,0.0
2026-04-18 17:30:28,0.0
2026-04-18 17:30:28,0.0
2026-04-18 17:30:28,0.0
2026-04-18 17:30:29,0.0
2026-04-18 17:30:29,0.0
2026-04-18 17:30:29,0.0
2026-04-18 17:30:29,0.0
2026-04-18 17:30:29,0.0
2026-04-18 17:30:29,0.0
2026-04-18 17:30:29,0.0
2026-04-18 17:30:29,0.0
2026-04-18 17:30:29,0.0
2026-04-18 17:30:30,0.0
2026-04-18 17:30:30,0.0
2026-04-18 17:30:30,0.0
2026-04-18 17:30:30,0.0
2026-04-18 17:30:30,0.0
2026-04-18 17:30:30,0.0
2026-04-18 17:30:30,0.0
2026-04-18 17:30:30,0.0
2026-04-18 17:30:30,0.0
2026-04-18 17:30:31,0.0
2026-04-18 17:30:31,0.0
2026-04-18 17:30:31,0.0
2026-04-18 17:30:31,0.0
2026-04-18 17:30:31,0.0
2026-04-18 17:30:31,0.0
2026-04-18 17:30:31,0.0
2026-04-18 17:30:31,0.0
2026-04-18 17:30:31,0.0
2026-04-18 17:30:31,0.0
2026-04-18 17:30:32,0.0
2026-04-18 17:30:32,0.0
2026-04-18 17:30:32,0.0
2026-04-18 17:30:32,0.0
2026-04-18 17:30:32,0.0
2026-04-18 17:30:32,0.0
2026-04-18 17:30:32,0.0
2026-04-18 17:30:32,0.0
2026-04-18 17:30:32,0.0
2026-04-18 17:30:33,0.0
2026-04-18 17:30:33,0.0
2026-04-18 17:30:33,0.0
2026-04-18 17:30:33,0.0
2026-04-18 17:30:33,0.0
2026-04-18 17:30:33,0.0
2026-04-18 17:30:33,0.0
2026-04-18 17:30:33,0.0
2026-04-18 17:30:33,0.0
2026-04-18 17:30:34,0.0
2026-04-18 17:30:34,0.0
2026-04-18 17:30:34,0.0
2026-04-18 17:30:34,0.0
2026-04-18 17:30:34,0.0
2026-04-18 17:30:34,0.0
2026-04-18 17:30:34,0.0
2026-04-18 17:30:34,0.0
2026-04-18 17:30:34,0.0
2026-04-18 17:30:34,0.0
2026-04-18 17:30:35,0.0
2026-04-18 17:30:35,0.0
2026-04-18 17:30:35,0.0
2026-04-18 17:30:35,0.0
2026-04-18 17:30:35,0.0
2026-04-18 17:30:35,0.0
2026-04-18 17:30:35,0.0
2026-04-18 17:30:35,0.0
2026-04-18 17:30:35,0.0
2026-04-18 17:30:36,0.0
2026-04-18 17:30:36,0.0
2026-04-18 17:30:36,0.0
2026-04-18 17:30:36,0.0
2026-04-18 17:30:36,0.0
2026-04-18 17:30:36,0.0
2026-04-18 17:30:36,0.0
2026-04-18 17:30:36,0.0
2026-04-18 17:30:36,0.0
2026-04-18 17:30:36,0.0
2026-04-18 17:30:37,0.0
2026-04-18 17:30:37,0.0
2026-04-18 17:30:37,0.0
2026-04-18 17:30:37,0.0
2026-04-18 17:30:37,0.0
2026-04-18 17:30:37,0.0
2026-04-18 17:30:37,0.0
2026-04-18 17:30:37,0.0
2026-04-18 17:30:37,0.0
2026-04-18 17:30:38,0.0
2026-04-18 17:30:38,0.0
2026-04-18 17:30:38,0.0
2026-04-18 17:30:38,0.0
2026-04-18 17:30:38,0.0
2026-04-18 17:30:38,0.0
2026-04-18 17:30:38,0.0
2026-04-18 17:30:38,0.0
2026-04-18 17:30:38,0.0
2026-04-18 17:30:39,0.0
2026-04-18 17:30:39,0.0
2026-04-18 17:30:39,0.0
2026-04-18 17:30:39,0.0
2026-04-18 17:30:39,0.0
2026-04-18 17:30:39,0.0
2026-04-18 17:30:39,0.0
2026-04-18 17:30:39,0.0
2026-04-18 17:30:39,0.0
2026-04-18 17:30:39,0.0
2026-04-18 17:30:40,0.0
2026-04-18 17:30:40,0.0
2026-04-18 17:30:40,0.0
2026-04-18 17:30:40,0.0
2026-04-18 17:30:40,0.0
2026-04-18 17:30:40,0.0
2026-04-18 17:30:40,0.0
2026-04-18 17:30:40,0.0
2026-04-18 17:30:40,0.0
2026-04-18 17:30:41,0.0
2026-04-18 17:30:41,0.0
2026-04-18 17:30:41,0.0
2026-04-18 17:30:41,0.0
2026-04-18 17:30:41,0.0
2026-04-18 17:30:41,0.0
2026-04-18 17:30:41,0.0
2026-04-18 17:30:41,0.0
2026-04-18 17:30:41,0.0
2026-04-18 17:30:42,0.0
2026-04-18 17:30:42,0.0
2026-04-18 17:30:42,0.0
2026-04-18 17:30:42,0.0
2026-04-18 17:30:42,0.0
2026-04-18 17:30:42,0.0
2026-04-18 17:30:42,0.0
2026-04-18 17:30:42,0.0
2026-04-18 17:30:42,0.0
2026-04-18 17:30:42,0.0
2026-04-18 17:30:43,0.0
2026-04-18 17:30:43,0.0
2026-04-18 17:30:43,0.0
2026-04-18 17:30:43,0.0
2026-04-18 17:30:43,0.0
2026-04-18 17:30:43,0.0
2026-04-18 17:30:43,0.0
2026-04-18 17:30:43,0.0
2026-04-18 17:30:43,0.0
2026-04-18 17:30:44,0.0
2026-04-18 17:30:44,0.0
2026-04-18 17:30:44,0.0
2026-04-18 17:30:44,0.0
2026-04-18 17:30:44,0.0
2026-04-18 17:30:44,0.0
2026-04-18 17:30:44,0.0
2026-04-18 17:30:44,0.0
2026-04-18 17:30:44,0.0
2026-04-18 17:30:44,0.0
2026-04-18 17:30:45,0.0
2026-04-18 17:30:45,0.0
2026-04-18 17:30:45,0.0
2026-04-18 17:30:45,0.0
2026-04-18 17:30:45,0.0
2026-04-18 17:30:45,0.0
2026-04-18 17:30:45,0.0
2026-04-18 17:30:45,0.0
2026-04-18 17:30:45,0.0
2026-04-18 17:30:46,0.0
2026-04-18 17:30:46,0.0
2026-04-18 17:30:46,0.0
2026-04-18 17:30:46,0.0
2026-04-18 17:30:46,0.0
2026-04-18 17:30:46,0.0
2026-04-18 17:30:46,0.0
2026-04-18 17:30:46,0.0
2026-04-18 17:30:46,0.0
2026-04-18 17:30:47,0.0
2026-04-18 17:30:47,0.0
2026-04-18 17:30:47,0.0
2026-04-18 17:30:47,0.0
2026-04-18 17:30:47,0.0
2026-04-18 17:30:47,0.0
2026-04-18 17:30:47,0.0
2026-04-18 17:30:47,0.0
2026-04-18 17:30:47,0.0
2026-04-18 17:30:47,0.0
2026-04-18 17:30:48,0.0
2026-04-18 17:30:48,0.0
2026-04-18 17:30:48,0.0
2026-04-18 17:30:48,0.0
2026-04-18 17:30:48,0.0
2026-04-18 17:30:48,0.0
2026-04-18 17:30:48,0.0
2026-04-18 17:30:48,0.0
2026-04-18 17:30:48,0.0
2026-04-18 17:30:49,0.0
2026-04-18 17:30:49,0.0
2026-04-18 17:30:49,0.0
2026-04-18 17:30:49,0.0
2026-04-18 17:30:49,0.0
2026-04-18 17:30:49,0.0
2026-04-18 17:30:49,0.0
2026-04-18 17:30:49,0.0
2026-04-18 17:30:49,0.0
2026-04-18 17:30:49,0.0
2026-04-18 17:30:50,0.0
2026-04-18 17:30:50,0.0
2026-04-18 17:30:50,0.0
2026-04-18 17:30:50,0.0
2026-04-18 17:30:50,0.0
2026-04-18 17:30:50,0.0
2026-04-18 17:30:50,0.0
2026-04-18 17:30:50,0.0
2026-04-18 17:30:50,0.0
2026-04-18 17:30:51,0.0
2026-04-18 17:30:51,0.0
2026-04-18 17:30:51,0.0
2026-04-18 17:30:51,0.0
2026-04-18 17:30:51,0.0
2026-04-18 17:30:51,0.0
2026-04-18 17:30:51,0.0
2026-04-18 17:30:51,0.0
2026-04-18 17:30:51,0.0
2026-04-18 17:30:52,0.0
2026-04-18 17:30:52,0.0
2026-04-18 17:30:52,0.0
2026-04-18 17:30:52,0.0
2026-04-18 17:30:52,0.0
2026-04-18 17:30:52,0.0
2026-04-18 17:30:52,0.0
2026-04-18 17:30:52,0.0
2026-04-18 17:30:52,31.5
2026-04-18 17:30:52,29.2
2026-04-18 17:30:53,42.6
2026-04-18 17:30:53,51.8
2026-04-18 17:30:53,72.0
2026-04-18 17:30:53,69.3
2026-04-18 17:30:53,62.1
2026-04-18 17:30:53,71.1
2026-04-18 17:30:53,69.7
2026-04-18 17:30:53,75.2
2026-04-18 17:30:53,73.0
2026-04-18 17:30:54,39.9
2026-04-18 17:30:54,27.3
2026-04-18 17:30:54,0.0
2026-04-18 17:30:54,0.3
2026-04-18 17:30:54,0.0
2026-04-18 17:30:54,0.0
2026-04-18 17:30:54,0.0
2026-04-18 17:30:54,0.0
2026-04-18 17:30:54,79.3
2026-04-18 17:30:55,88.3
2026-04-18 17:30:55,90.4
2026-04-18 17:30:55,93.8
2026-04-18 17:30:55,97.4
2026-04-18 17:30:55,97.1
2026-04-18 17:30:55,96.8
2026-04-18 17:30:55,97.4
2026-04-18 17:30:55,97.9
2026-04-18 17:30:55,97.6
2026-04-18 17:30:55,95.7
2026-04-18 17:30:56,90.0
2026-04-18 17:30:56,63.9
2026-04-18 17:30:56,0.1
2026-04-18 17:30:56,0.0
2026-04-18 17:30:56,0.0
2026-04-18 17:30:56,0.0
2026-04-18 17:30:56,0.0
2026-04-18 17:30:56,37.5
2026-04-18 17:30:56,37.7
2026-04-18 17:30:57,0.0
2026-04-18 17:30:57,1.4
2026-04-18 17:30:57,9.2
2026-04-18 17:30:57,0.1
2026-04-18 17:30:57,5.4
2026-04-18 17:30:57,24.2
2026-04-18 17:30:57,0.0
2026-04-18 17:30:57,2.0
2026-04-18 17:30:57,18.3
2026-04-18 17:30:58,82.4
2026-04-18 17:30:58,90.2
2026-04-18 17:30:58,96.6
2026-04-18 17:30:58,95.9
2026-04-18 17:30:58,91.1
2026-04-18 17:30:58,90.0
2026-04-18 17:30:58,92.2
2026-04-18 17:30:58,94.7
2026-04-18 17:30:58,95.3
2026-04-18 17:30:58,94.4
2026-04-18 17:30:59,94.4
2026-04-18 17:30:59,94.7
2026-04-18 17:30:59,95.5
2026-04-18 17:30:59,95.5
2026-04-18 17:30:59,94.7
2026-04-18 17:30:59,95.5
2026-04-18 17:30:59,95.7
2026-04-18 17:30:59,95.3
2026-04-18 17:30:59,95.4
2026-04-18 17:31:00,95.3
2026-04-18 17:31:00,94.9
2026-04-18 17:31:00,94.6
2026-04-18 17:31:00,95.8
2026-04-18 17:31:00,95.1
2026-04-18 17:31:00,94.9
2026-04-18 17:31:00,94.6
2026-04-18 17:31:00,95.3
2026-04-18 17:31:00,95.1
2026-04-18 17:31:01,94.9
2026-04-18 17:31:01,94.8
2026-04-18 17:31:01,94.4
2026-04-18 17:31:01,94.2
2026-04-18 17:31:01,95.9
2026-04-18 17:31:01,95.3
2026-04-18 17:31:01,94.4
2026-04-18 17:31:01,94.2
2026-04-18 17:31:01,93.2
2026-04-18 17:31:01,94.7
2026-04-18 17:31:02,95.2
2026-04-18 17:31:02,96.7
2026-04-18 17:31:02,97.3
2026-04-18 17:31:02,96.7
2026-04-18 17:31:02,97.0
2026-04-18 17:31:02,97.0
2026-04-18 17:31:02,98.2
2026-04-18 17:31:02,98.5
2026-04-18 17:31:02,98.6
2026-04-18 17:31:03,98.8
2026-04-18 17:31:03,98.7
2026-04-18 17:31:03,97.6
2026-04-18 17:31:03,95.9
2026-04-18 17:31:03,95.3
2026-04-18 17:31:03,96.1
2026-04-18 17:31:03,97.6
2026-04-18 17:31:03,97.0
2026-04-18 17:31:03,96.8
2026-04-18 17:31:04,96.9
2026-04-18 17:31:04,97.5
2026-04-18 17:31:04,97.4
2026-04-18 17:31:04,97.8
2026-04-18 17:31:04,98.1
2026-04-18 17:31:04,98.0
2026-04-18 17:31:04,98.1
2026-04-18 17:31:04,98.2
2026-04-18 17:31:04,97.4
2026-04-18 17:31:04,96.6
2026-04-18 17:31:05,95.1
2026-04-18 17:31:05,95.4
2026-04-18 17:31:05,95.2
2026-04-18 17:31:05,94.1
2026-04-18 17:31:05,93.1
2026-04-18 17:31:05,96.6
2026-04-18 17:31:05,97.4
2026-04-18 17:31:05,97.7
2026-04-18 17:31:05,97.4
2026-04-18 17:31:06,98.0
2026-04-18 17:31:06,97.2
2026-04-18 17:31:06,96.1
2026-04-18 17:31:06,96.2
2026-04-18 17:31:06,95.2
2026-04-18 17:31:06,94.2
2026-04-18 17:31:06,94.4
2026-04-18 17:31:06,94.9
2026-04-18 17:31:06,94.8
2026-04-18 17:31:07,93.8
2026-04-18 17:31:07,94.0
2026-04-18 17:31:07,94.8
2026-04-18 17:31:07,94.6
2026-04-18 17:31:07,94.7
2026-04-18 17:31:07,94.3
2026-04-18 17:31:07,94.4
2026-04-18 17:31:07,94.0
2026-04-18 17:31:07,93.7
2026-04-18 17:31:08,94.7
2026-04-18 17:31:08,94.1
2026-04-18 17:31:08,94.2
2026-04-18 17:31:08,94.2
2026-04-18 17:31:08,93.9
2026-04-18 17:31:08,94.0
2026-04-18 17:31:08,94.4
2026-04-18 17:31:08,94.3
2026-04-18 17:31:08,93.7
2026-04-18 17:31:08,93.9
2026-04-18 17:31:09,94.7
2026-04-18 17:31:09,96.0
2026-04-18 17:31:09,96.5
2026-04-18 17:31:09,96.4
2026-04-18 17:31:09,96.2
2026-04-18 17:31:09,93.7
2026-04-18 17:31:09,93.5
2026-04-18 17:31:09,95.3
2026-04-18 17:31:09,95.4
2026-04-18 17:31:10,95.2
2026-04-18 17:31:10,94.8
2026-04-18 17:31:10,95.4
2026-04-18 17:31:10,95.5
2026-04-18 17:31:10,96.3
2026-04-18 17:31:10,96.5
2026-04-18 17:31:10,97.0
2026-04-18 17:31:10,96.7
2026-04-18 17:31:10,96.2
2026-04-18 17:31:11,95.5
2026-04-18 17:31:11,94.7
2026-04-18 17:31:11,94.6
2026-04-18 17:31:11,94.2
2026-04-18 17:31:11,93.8
2026-04-18 17:31:11,94.6
2026-04-18 17:31:11,92.3
2026-04-18 17:31:11,92.5
2026-04-18 17:31:11,92.4
2026-04-18 17:31:11,92.6
2026-04-18 17:31:12,94.5
2026-04-18 17:31:12,95.3
2026-04-18 17:31:12,92.1
2026-04-18 17:31:12,88.9
2026-04-18 17:31:12,88.4
2026-04-18 17:31:12,88.7
2026-04-18 17:31:12,93.1
2026-04-18 17:31:12,94.1
2026-04-18 17:31:12,93.4
2026-04-18 17:31:13,92.8
2026-04-18 17:31:13,92.7
2026-04-18 17:31:13,95.7
2026-04-18 17:31:13,94.4
2026-04-18 17:31:13,92.4
2026-04-18 17:31:13,93.1
2026-04-18 17:31:13,94.1
2026-04-18 17:31:13,93.7
2026-04-18 17:31:13,93.2
2026-04-18 17:31:14,91.6
2026-04-18 17:31:14,91.0
2026-04-18 17:31:14,91.6
2026-04-18 17:31:14,92.1
2026-04-18 17:31:14,90.2
2026-04-18 17:31:14,85.7
2026-04-18 17:31:14,84.1
2026-04-18 17:31:14,83.4
2026-04-18 17:31:14,84.1
2026-04-18 17:31:14,83.2
2026-04-18 17:31:15,83.6
2026-04-18 17:31:15,84.9
2026-04-18 17:31:15,84.8
2026-04-18 17:31:15,87.4
2026-04-18 17:31:15,88.7
2026-04-18 17:31:15,87.5
2026-04-18 17:31:15,86.2
2026-04-18 17:31:15,87.2
2026-04-18 17:31:15,84.6
2026-04-18 17:31:16,82.2
2026-04-18 17:31:16,81.2
2026-04-18 17:31:16,79.8
2026-04-18 17:31:16,80.9
2026-04-18 17:31:16,85.2
2026-04-18 17:31:16,86.5
2026-04-18 17:31:16,80.8
2026-04-18 17:31:16,81.3
2026-04-18 17:31:16,85.1
2026-04-18 17:31:17,88.6
2026-04-18 17:31:17,88.7
2026-04-18 17:31:17,89.0
2026-04-18 17:31:17,90.2
2026-04-18 17:31:17,91.2
2026-04-18 17:31:17,92.9
2026-04-18 17:31:17,92.8
2026-04-18 17:31:17,92.5
2026-04-18 17:31:17,90.7
2026-04-18 17:31:17,89.8
2026-04-18 17:31:18,89.2
2026-04-18 17:31:18,84.8
2026-04-18 17:31:18,85.4
2026-04-18 17:31:18,84.8
2026-04-18 17:31:18,82.5
2026-04-18 17:31:18,83.9
2026-04-18 17:31:18,83.2
2026-04-18 17:31:18,82.8
2026-04-18 17:31:18,84.5
2026-04-18 17:31:19,85.1
2026-04-18 17:31:19,86.0
2026-04-18 17:31:19,85.5
2026-04-18 17:31:19,89.8
2026-04-18 17:31:19,91.1
2026-04-18 17:31:19,90.3
2026-04-18 17:31:19,90.9
2026-04-18 17:31:19,92.1
2026-04-18 17:31:19,91.3
2026-04-18 17:31:20,88.3
2026-04-18 17:31:20,89.6
2026-04-18 17:31:20,91.1
2026-04-18 17:31:20,90.8
2026-04-18 17:31:20,90.5
2026-04-18 17:31:20,92.1
2026-04-18 17:31:20,91.5
2026-04-18 17:31:20,90.8
2026-04-18 17:31:20,90.8
2026-04-18 17:31:21,89.6
2026-04-18 17:31:21,87.7
2026-04-18 17:31:21,87.2
2026-04-18 17:31:21,87.0
2026-04-18 17:31:21,87.4
2026-04-18 17:31:21,87.0
2026-04-18 17:31:21,88.0
2026-04-18 17:31:21,88.8
2026-04-18 17:31:21,90.8
2026-04-18 17:31:21,91.8
2026-04-18 17:31:22,92.6
2026-04-18 17:31:22,94.3
2026-04-18 17:31:22,94.2
2026-04-18 17:31:22,94.3
2026-04-18 17:31:22,94.5
2026-04-18 17:31:22,94.3
2026-04-18 17:31:22,93.8
2026-04-18 17:31:22,92.0
2026-04-18 17:31:22,88.4
2026-04-18 17:31:23,89.3
2026-04-18 17:31:23,89.6
2026-04-18 17:31:23,86.7
2026-04-18 17:31:23,89.8
2026-04-18 17:31:23,91.0
2026-04-18 17:31:23,91.5
2026-04-18 17:31:23,92.1
2026-04-18 17:31:23,92.3
2026-04-18 17:31:23,92.4
2026-04-18 17:31:24,91.0
2026-04-18 17:31:24,91.3
2026-04-18 17:31:24,92.2
2026-04-18 17:31:24,91.7
2026-04-18 17:31:24,91.1
2026-04-18 17:31:24,90.3
2026-04-18 17:31:24,91.5
2026-04-18 17:31:24,92.5
2026-04-18 17:31:24,92.0
2026-04-18 17:31:24,91.4
2026-04-18 17:31:25,91.9
2026-04-18 17:31:25,92.8
2026-04-18 17:31:25,92.4
2026-04-18 17:31:25,92.5
2026-04-18 17:31:25,94.2
2026-04-18 17:31:25,95.1
2026-04-18 17:31:25,94.2
2026-04-18 17:31:25,94.4
2026-04-18 17:31:25,94.1
2026-04-18 17:31:26,94.1
2026-04-18 17:31:26,93.6
2026-04-18 17:31:26,93.9
2026-04-18 17:31:26,94.1
2026-04-18 17:31:26,94.5
2026-04-18 17:31:26,94.6
2026-04-18 17:31:26,94.4
2026-04-18 17:31:26,95.0
2026-04-18 17:31:26,95.4
2026-04-18 17:31:27,95.8
2026-04-18 17:31:27,95.9
2026-04-18 17:31:27,95.5
2026-04-18 17:31:27,95.8
2026-04-18 17:31:27,96.0
2026-04-18 17:31:27,96.8
2026-04-18 17:31:27,97.0
2026-04-18 17:31:27,96.7
2026-04-18 17:31:27,96.4
2026-04-18 17:31:27,96.2
2026-04-18 17:31:28,96.0
2026-04-18 17:31:28,96.0
2026-04-18 17:31:28,96.2
2026-04-18 17:31:28,96.2
2026-04-18 17:31:28,96.1
2026-04-18 17:31:28,96.1
2026-04-18 17:31:28,96.1
2026-04-18 17:31:28,96.0
2026-04-18 17:31:28,96.6
2026-04-18 17:31:29,96.5
2026-04-18 17:31:29,96.3
2026-04-18 17:31:29,96.2
2026-04-18 17:31:29,95.8
2026-04-18 17:31:29,96.1
2026-04-18 17:31:29,95.8
2026-04-18 17:31:29,95.4
2026-04-18 17:31:29,94.9
2026-04-18 17:31:29,94.0
2026-04-18 17:31:30,94.7
2026-04-18 17:31:30,95.0
2026-04-18 17:31:30,96.0
2026-04-18 17:31:30,95.8
2026-04-18 17:31:30,95.5
2026-04-18 17:31:30,94.0
2026-04-18 17:31:30,91.8
2026-04-18 17:31:30,91.4
2026-04-18 17:31:30,93.3
2026-04-18 17:31:30,93.2
2026-04-18 17:31:31,94.4
2026-04-18 17:31:31,94.1
2026-04-18 17:31:31,94.3
2026-04-18 17:31:31,95.4
2026-04-18 17:31:31,96.0
2026-04-18 17:31:31,96.6
2026-04-18 17:31:31,97.1
2026-04-18 17:31:31,97.3
2026-04-18 17:31:31,97.7
2026-04-18 17:31:32,96.7
2026-04-18 17:31:32,94.9
2026-04-18 17:31:32,94.1
2026-04-18 17:31:32,94.7
2026-04-18 17:31:32,95.7
2026-04-18 17:31:32,95.3
2026-04-18 17:31:32,95.3
2026-04-18 17:31:32,95.2
2026-04-18 17:31:32,95.2
2026-04-18 17:31:33,95.4
2026-04-18 17:31:33,95.2
2026-04-18 17:31:33,95.1
2026-04-18 17:31:33,95.0
2026-04-18 17:31:33,94.5
2026-04-18 17:31:33,94.7
2026-04-18 17:31:33,94.4
2026-04-18 17:31:33,92.8
2026-04-18 17:31:33,92.1
2026-04-18 17:31:33,91.7
2026-04-18 17:31:34,92.6
2026-04-18 17:31:34,90.7
2026-04-18 17:31:34,92.4
2026-04-18 17:31:34,92.4
2026-04-18 17:31:34,92.3
2026-04-18 17:31:34,92.1
2026-04-18 17:31:34,89.5
2026-04-18 17:31:34,84.8
2026-04-18 17:31:34,81.9
2026-04-18 17:31:35,89.7
2026-04-18 17:31:35,95.8
2026-04-18 17:31:35,96.7
2026-04-18 17:31:35,96.7
2026-04-18 17:31:35,96.1
2026-04-18 17:31:35,95.9
2026-04-18 17:31:35,96.3
2026-04-18 17:31:35,97.4
2026-04-18 17:31:35,96.9
2026-04-18 17:31:36,96.2
2026-04-18 17:31:36,92.7
2026-04-18 17:31:36,91.1
2026-04-18 17:31:36,88.2
2026-04-18 17:31:36,54.0
2026-04-18 17:31:36,32.9
2026-04-18 17:31:36,20.9
2026-04-18 17:31:36,41.4
2026-04-18 17:31:36,54.2
2026-04-18 17:31:36,81.7
2026-04-18 17:31:37,91.8
2026-04-18 17:31:37,94.4
2026-04-18 17:31:37,95.0
2026-04-18 17:31:37,94.3
2026-04-18 17:31:37,93.9
2026-04-18 17:31:37,93.0
2026-04-18 17:31:37,94.5
2026-04-18 17:31:37,95.6
2026-04-18 17:31:37,95.0
2026-04-18 17:31:38,95.1
2026-04-18 17:31:38,94.0
2026-04-18 17:31:38,92.4
2026-04-18 17:31:38,94.6
2026-04-18 17:31:38,94.7
2026-04-18 17:31:38,96.1
2026-04-18 17:31:38,96.6
2026-04-18 17:31:38,94.8
2026-04-18 17:31:38,94.8
2026-04-18 17:31:39,92.9
2026-04-18 17:31:39,91.2
2026-04-18 17:31:39,82.2
2026-04-18 17:31:39,86.5
2026-04-18 17:31:39,86.8
2026-04-18 17:31:39,87.8
2026-04-18 17:31:39,96.1
2026-04-18 17:31:39,99.0
2026-04-18 17:31:39,99.1
2026-04-18 17:31:40,96.4
2026-04-18 17:31:40,91.0
2026-04-18 17:31:40,92.1
2026-04-18 17:31:40,92.1
2026-04-18 17:31:40,92.0
2026-04-18 17:31:40,94.1
2026-04-18 17:31:40,95.8
2026-04-18 17:31:40,96.3
2026-04-18 17:31:40,96.5
2026-04-18 17:31:40,97.1
2026-04-18 17:31:41,97.2
2026-04-18 17:31:41,97.3
2026-04-18 17:31:41,97.1
2026-04-18 17:31:41,97.0
2026-04-18 17:31:41,96.8
2026-04-18 17:31:41,97.1
2026-04-18 17:31:41,97.0
2026-04-18 17:31:41,97.8
2026-04-18 17:31:41,98.2
2026-04-18 17:31:42,98.0
2026-04-18 17:31:42,97.8
2026-04-18 17:31:42,97.4
2026-04-18 17:31:42,95.7
2026-04-18 17:31:42,98.0
2026-04-18 17:31:42,98.1
2026-04-18 17:31:42,98.0
2026-04-18 17:31:42,98.2
2026-04-18 17:31:42,97.6
2026-04-18 17:31:43,98.1
2026-04-18 17:31:43,98.9
2026-04-18 17:31:43,99.1
2026-04-18 17:31:43,99.4
2026-04-18 17:31:43,99.4
2026-04-18 17:31:43,99.2
2026-04-18 17:31:43,98.4
2026-04-18 17:31:43,98.3
2026-04-18 17:31:43,98.4
2026-04-18 17:31:43,97.5
2026-04-18 17:31:44,97.3
2026-04-18 17:31:44,97.1
2026-04-18 17:31:44,99.7
2026-04-18 17:31:44,93.8
2026-04-18 17:31:44,90.3
2026-04-18 17:31:44,91.8
2026-04-18 17:31:44,93.4
2026-04-18 17:31:44,93.5
2026-04-18 17:31:44,93.3
2026-04-18 17:31:45,92.4
2026-04-18 17:31:45,91.1
2026-04-18 17:31:45,92.4
2026-04-18 17:31:45,94.3
2026-04-18 17:31:45,94.1
2026-04-18 17:31:45,94.5
2026-04-18 17:31:45,94.4
2026-04-18 17:31:45,95.2
2026-04-18 17:31:45,96.0
2026-04-18 17:31:46,96.4
2026-04-18 17:31:46,96.6
2026-04-18 17:31:46,95.7
2026-04-18 17:31:46,95.8
2026-04-18 17:31:46,95.6
2026-04-18 17:31:46,94.5
2026-04-18 17:31:46,94.6
2026-04-18 17:31:46,94.8
2026-04-18 17:31:46,96.3
2026-04-18 17:31:46,96.0
2026-04-18 17:31:47,96.4
2026-04-18 17:31:47,95.5
2026-04-18 17:31:47,95.7
2026-04-18 17:31:47,96.1
2026-04-18 17:31:47,96.3
2026-04-18 17:31:47,96.1
2026-04-18 17:31:47,96.2
2026-04-18 17:31:47,96.2
2026-04-18 17:31:47,96.3
2026-04-18 17:31:48,96.2
2026-04-18 17:31:48,96.1
2026-04-18 17:31:48,95.8
2026-04-18 17:31:48,95.7
2026-04-18 17:31:48,96.1
2026-04-18 17:31:48,96.0
2026-04-18 17:31:48,95.5
2026-04-18 17:31:48,95.1
2026-04-18 17:31:48,94.8
2026-04-18 17:31:49,95.5
2026-04-18 17:31:49,96.1
2026-04-18 17:31:49,96.5
2026-04-18 17:31:49,96.6
2026-04-18 17:31:49,95.6
2026-04-18 17:31:49,96.0
2026-04-18 17:31:49,95.5
2026-04-18 17:31:49,95.9
2026-04-18 17:31:49,96.4
2026-04-18 17:31:49,96.9
2026-04-18 17:31:50,96.7
2026-04-18 17:31:50,95.8
2026-04-18 17:31:50,96.3
2026-04-18 17:31:50,95.8
2026-04-18 17:31:50,95.9
2026-04-18 17:31:50,95.8
2026-04-18 17:31:50,95.6
2026-04-18 17:31:50,95.7
2026-04-18 17:31:50,95.8
2026-04-18 17:31:51,95.6
2026-04-18 17:31:51,95.7
2026-04-18 17:31:51,95.5
2026-04-18 17:31:51,95.8
2026-04-18 17:31:51,95.7
2026-04-18 17:31:51,95.8
2026-04-18 17:31:51,95.7
2026-04-18 17:31:51,95.7
2026-04-18 17:31:51,95.9
2026-04-18 17:31:52,95.9
2026-04-18 17:31:52,95.8
2026-04-18 17:31:52,95.6
2026-04-18 17:31:52,95.4
2026-04-18 17:31:52,95.6
2026-04-18 17:31:52,95.3
2026-04-18 17:31:52,95.4
2026-04-18 17:31:52,95.5
2026-04-18 17:31:52,95.6
2026-04-18 17:31:52,95.6
2026-04-18 17:31:53,95.5
2026-04-18 17:31:53,95.6
2026-04-18 17:31:53,95.2
2026-04-18 17:31:53,95.2
2026-04-18 17:31:53,95.2
2026-04-18 17:31:53,95.4
2026-04-18 17:31:53,95.4
2026-04-18 17:31:53,95.5
2026-04-18 17:31:53,95.7
2026-04-18 17:31:54,95.5
2026-04-18 17:31:54,95.4
2026-04-18 17:31:54,95.4
2026-04-18 17:31:54,95.4
2026-04-18 17:31:54,95.2
2026-04-18 17:31:54,95.1
2026-04-18 17:31:54,95.0
2026-04-18 17:31:54,95.3
2026-04-18 17:31:54,95.6
2026-04-18 17:31:55,95.6
2026-04-18 17:31:55,95.7
2026-04-18 17:31:55,96.1
2026-04-18 17:31:55,95.8
2026-04-18 17:31:55,95.6
2026-04-18 17:31:55,95.9
2026-04-18 17:31:55,96.1
2026-04-18 17:31:55,96.1
2026-04-18 17:31:55,96.1
2026-04-18 17:31:56,96.3
2026-04-18 17:31:56,96.1
2026-04-18 17:31:56,96.0
2026-04-18 17:31:56,96.1
2026-04-18 17:31:56,96.3
2026-04-18 17:31:56,96.8
2026-04-18 17:31:56,95.7
2026-04-18 17:31:56,96.3
2026-04-18 17:31:56,96.2
2026-04-18 17:31:56,96.2
2026-04-18 17:31:57,96.3
2026-04-18 17:31:57,95.8
2026-04-18 17:31:57,96.2
2026-04-18 17:31:57,96.6
2026-04-18 17:31:57,96.6
2026-04-18 17:31:57,96.8
2026-04-18 17:31:57,96.9
2026-04-18 17:31:57,96.6
2026-04-18 17:31:57,96.6
2026-04-18 17:31:58,96.7
2026-04-18 17:31:58,96.4
2026-04-18 17:31:58,96.2
2026-04-18 17:31:58,96.1
2026-04-18 17:31:58,95.5
2026-04-18 17:31:58,94.8
2026-04-18 17:31:58,94.2
2026-04-18 17:31:58,94.4
2026-04-18 17:31:58,95.3
2026-04-18 17:31:59,96.1
2026-04-18 17:31:59,96.3
2026-04-18 17:31:59,96.5
2026-04-18 17:31:59,95.9
2026-04-18 17:31:59,95.6
2026-04-18 17:31:59,96.0
2026-04-18 17:31:59,92.9
2026-04-18 17:31:59,95.6
2026-04-18 17:31:59,94.3
2026-04-18 17:31:59,95.8
2026-04-18 17:32:00,95.6
2026-04-18 17:32:00,95.7
2026-04-18 17:32:00,95.1
2026-04-18 17:32:00,94.6
2026-04-18 17:32:00,94.1
2026-04-18 17:32:00,93.9
2026-04-18 17:32:00,92.0
2026-04-18 17:32:00,86.8
2026-04-18 17:32:00,81.2
2026-04-18 17:32:01,82.3
2026-04-18 17:32:01,78.7
2026-04-18 17:32:01,77.2
2026-04-18 17:32:01,62.6
2026-04-18 17:32:01,0.0
2026-04-18 17:32:01,0.0
2026-04-18 17:32:01,0.0
2026-04-18 17:32:01,0.0
2026-04-18 17:32:01,0.0
2026-04-18 17:32:02,0.0
2026-04-18 17:32:02,0.0
2026-04-18 17:32:02,0.0
2026-04-18 17:32:02,0.0
2026-04-18 17:32:02,0.0
2026-04-18 17:32:02,0.2
2026-04-18 17:32:02,0.0
2026-04-18 17:32:02,21.2
2026-04-18 17:32:02,45.0
2026-04-18 17:32:02,69.5
2026-04-18 17:32:03,87.8
2026-04-18 17:32:03,95.6
2026-04-18 17:32:03,97.9
2026-04-18 17:32:03,98.5
2026-04-18 17:32:03,97.0
2026-04-18 17:32:03,87.6
2026-04-18 17:32:03,83.1
2026-04-18 17:32:03,80.8
2026-04-18 17:32:03,84.8
2026-04-18 17:32:04,0.0
2026-04-18 17:32:04,0.0
2026-04-18 17:32:04,0.0
2026-04-18 17:32:04,0.0
2026-04-18 17:32:04,0.0
2026-04-18 17:32:04,0.0
2026-04-18 17:32:04,0.0
2026-04-18 17:32:04,0.0
2026-04-18 17:32:04,0.0
2026-04-18 17:32:05,0.0
2026-04-18 17:32:05,0.0
2026-04-18 17:32:05,0.0
2026-04-18 17:32:05,0.0
2026-04-18 17:32:05,0.0
2026-04-18 17:32:05,0.0
2026-04-18 17:32:05,0.0
2026-04-18 17:32:05,0.0
2026-04-18 17:32:05,0.0
2026-04-18 17:32:05,0.0
2026-04-18 17:32:06,0.0
2026-04-18 17:32:06,0.0
2026-04-18 17:32:06,0.0
2026-04-18 17:32:06,0.0
2026-04-18 17:32:06,0.0
2026-04-18 17:32:06,0.0
2026-04-18 17:32:06,0.0
2026-04-18 17:32:06,0.0
2026-04-18 17:32:06,0.0
2026-04-18 17:32:07,0.0
2026-04-18 17:32:07,0.0
2026-04-18 17:32:07,0.0
2026-04-18 17:32:07,0.0
2026-04-18 17:32:07,0.0
2026-04-18 17:32:07,0.0
2026-04-18 17:32:07,0.0
2026-04-18 17:32:07,0.0
2026-04-18 17:32:07,0.0
2026-04-18 17:32:07,0.0
2026-04-18 17:32:08,0.0
2026-04-18 17:32:08,0.0
2026-04-18 17:32:08,0.0
2026-04-18 17:32:08,0.0
2026-04-18 17:32:08,0.0
2026-04-18 17:32:08,0.0
2026-04-18 17:32:08,0.0
2026-04-18 17:32:08,0.0
2026-04-18 17:32:08,0.0
2026-04-18 17:32:09,0.0
2026-04-18 17:32:09,0.0
2026-04-18 17:32:09,0.0
2026-04-18 17:32:09,9.1
2026-04-18 17:32:09,21.7
2026-04-18 17:32:09,0.2
2026-04-18 17:32:09,0.0
2026-04-18 17:32:09,0.0
2026-04-18 17:32:09,0.0
2026-04-18 17:32:10,0.0
2026-04-18 17:32:10,0.0
2026-04-18 17:32:10,0.0
2026-04-18 17:32:10,0.0
2026-04-18 17:32:10,0.0
2026-04-18 17:32:10,0.1
2026-04-18 17:32:10,0.2
2026-04-18 17:32:10,0.0
2026-04-18 17:32:10,0.2
2026-04-18 17:32:10,0.0
2026-04-18 17:32:11,0.1
2026-04-18 17:32:11,8.3
2026-04-18 17:32:11,31.5
2026-04-18 17:32:11,40.5
2026-04-18 17:32:11,52.3
2026-04-18 17:32:11,59.2
2026-04-18 17:32:11,54.1
2026-04-18 17:32:11,33.8
2026-04-18 17:32:11,25.7
2026-04-18 17:32:12,16.9
2026-04-18 17:32:12,33.7
2026-04-18 17:32:12,43.6
2026-04-18 17:32:12,59.1
2026-04-18 17:32:12,59.3
2026-04-18 17:32:12,43.9
2026-04-18 17:32:12,32.1
2026-04-18 17:32:12,47.0
2026-04-18 17:32:12,55.1
2026-04-18 17:32:13,63.1
2026-04-18 17:32:13,63.0
2026-04-18 17:32:13,67.6
2026-04-18 17:32:13,63.1
2026-04-18 17:32:13,64.1
2026-04-18 17:32:13,50.6
2026-04-18 17:32:13,34.1
2026-04-18 17:32:13,0.0
2026-04-18 17:32:13,0.0
2026-04-18 17:32:13,0.0
2026-04-18 17:32:14,0.0
2026-04-18 17:32:14,0.0
2026-04-18 17:32:14,0.0
2026-04-18 17:32:14,0.0
2026-04-18 17:32:14,0.0
2026-04-18 17:32:14,0.0
2026-04-18 17:32:14,0.0
2026-04-18 17:32:14,0.0
2026-04-18 17:32:14,0.0
2026-04-18 17:32:15,0.0
2026-04-18 17:32:15,0.0
2026-04-18 17:32:15,0.0
2026-04-18 17:32:15,8.9
2026-04-18 17:32:15,0.0
2026-04-18 17:32:15,0.0
2026-04-18 17:32:15,0.0
2026-04-18 17:32:15,0.0
2026-04-18 17:32:15,0.0
2026-04-18 17:32:16,0.0
2026-04-18 17:32:16,9.3
2026-04-18 17:32:16,0.1
2026-04-18 17:32:16,0.0
2026-04-18 17:32:16,0.0
2026-04-18 17:32:16,0.0
2026-04-18 17:32:16,0.0
2026-04-18 17:32:16,0.0
2026-04-18 17:32:16,0.0
2026-04-18 17:32:16,0.0
2026-04-18 17:32:17,0.0
2026-04-18 17:32:17,0.0
2026-04-18 17:32:17,0.0
2026-04-18 17:32:17,0.0
2026-04-18 17:32:17,0.0
2026-04-18 17:32:17,0.0
2026-04-18 17:32:17,0.0
2026-04-18 17:32:17,0.1
2026-04-18 17:32:17,0.0
2026-04-18 17:32:18,0.0
2026-04-18 17:32:18,0.0
2026-04-18 17:32:18,0.0
2026-04-18 17:32:18,0.0
2026-04-18 17:32:18,0.0
2026-04-18 17:32:18,0.0
2026-04-18 17:32:18,0.1
2026-04-18 17:32:18,0.0
2026-04-18 17:32:18,0.0
2026-04-18 17:32:18,0.0
2026-04-18 17:32:19,0.0
2026-04-18 17:32:19,0.2
2026-04-18 17:32:19,11.2
2026-04-18 17:32:19,0.0
2026-04-18 17:32:19,0.0
2026-04-18 17:32:19,0.1
2026-04-18 17:32:19,0.0
2026-04-18 17:32:19,0.0
2026-04-18 17:32:19,0.0
2026-04-18 17:32:20,0.0
2026-04-18 17:32:20,0.0
2026-04-18 17:32:20,0.0
2026-04-18 17:32:20,0.0
2026-04-18 17:32:20,0.0
2026-04-18 17:32:20,0.0
2026-04-18 17:32:20,0.0
2026-04-18 17:32:20,0.2
2026-04-18 17:32:20,0.0
2026-04-18 17:32:21,0.2
2026-04-18 17:32:21,0.1
2026-04-18 17:32:21,0.0
2026-04-18 17:32:21,0.2
2026-04-18 17:32:21,0.0
2026-04-18 17:32:21,0.0
2026-04-18 17:32:21,0.0
2026-04-18 17:32:21,0.0
2026-04-18 17:32:21,0.2
2026-04-18 17:32:21,0.0
2026-04-18 17:32:22,0.1
2026-04-18 17:32:22,0.0
2026-04-18 17:32:22,0.0
2026-04-18 17:32:22,0.0
2026-04-18 17:32:22,0.0
2026-04-18 17:32:22,0.0
2026-04-18 17:32:22,0.0
2026-04-18 17:32:22,0.0
2026-04-18 17:32:22,0.0
2026-04-18 17:32:23,0.0
2026-04-18 17:32:23,0.0
2026-04-18 17:32:23,0.0
2026-04-18 17:32:23,0.0
2026-04-18 17:32:23,0.0
2026-04-18 17:32:23,0.0
2026-04-18 17:32:23,0.0
2026-04-18 17:32:23,0.0
2026-04-18 17:32:23,0.0
2026-04-18 17:32:24,0.0
2026-04-18 17:32:24,0.0
2026-04-18 17:32:24,0.0
2026-04-18 17:32:24,0.0
2026-04-18 17:32:24,0.0
2026-04-18 17:32:24,0.0
2026-04-18 17:32:24,0.0
2026-04-18 17:32:24,0.0
2026-04-18 17:32:24,0.0
2026-04-18 17:32:24,0.0
2026-04-18 17:32:25,13.7
2026-04-18 17:32:25,0.0
2026-04-18 17:32:25,0.0
2026-04-18 17:32:25,0.0
2026-04-18 17:32:25,0.0
2026-04-18 17:32:25,0.0
2026-04-18 17:32:25,0.0
2026-04-18 17:32:25,0.0
2026-04-18 17:32:25,0.0
2026-04-18 17:32:26,0.0
2026-04-18 17:32:26,0.0
2026-04-18 17:32:26,0.0
2026-04-18 17:32:26,0.0
2026-04-18 17:32:26,0.0
2026-04-18 17:32:26,0.0
2026-04-18 17:32:26,0.0
2026-04-18 17:32:26,0.0
2026-04-18 17:32:26,0.0
2026-04-18 17:32:26,0.0
2026-04-18 17:32:27,0.0
2026-04-18 17:32:27,0.0
2026-04-18 17:32:27,0.0
2026-04-18 17:32:27,0.0
2026-04-18 17:32:27,0.0
2026-04-18 17:32:27,0.0
2026-04-18 17:32:27,0.0
2026-04-18 17:32:27,0.0
2026-04-18 17:32:27,0.0
2026-04-18 17:32:28,0.0
2026-04-18 17:32:28,0.0
2026-04-18 17:32:28,0.0
2026-04-18 17:32:28,0.0
2026-04-18 17:32:28,0.0
2026-04-18 17:32:28,0.0
2026-04-18 17:32:28,0.0
2026-04-18 17:32:28,0.0
2026-04-18 17:32:28,0.0
2026-04-18 17:32:29,0.0
2026-04-18 17:32:29,0.0
2026-04-18 17:32:29,0.0
2026-04-18 17:32:29,0.0
2026-04-18 17:32:29,0.0
2026-04-18 17:32:29,0.0
2026-04-18 17:32:29,0.0
2026-04-18 17:32:29,0.0
2026-04-18 17:32:29,0.0
2026-04-18 17:32:29,0.0
2026-04-18 17:32:30,0.0
2026-04-18 17:32:30,0.0
2026-04-18 17:32:30,0.0
2026-04-18 17:32:30,0.0
2026-04-18 17:32:30,0.0
2026-04-18 17:32:30,0.0
2026-04-18 17:32:30,0.0
2026-04-18 17:32:30,0.0
2026-04-18 17:32:30,0.0
2026-04-18 17:32:31,0.0
2026-04-18 17:32:31,0.0
2026-04-18 17:32:31,0.0
2026-04-18 17:32:31,0.0
2026-04-18 17:32:31,0.0
2026-04-18 17:32:31,0.0
2026-04-18 17:32:31,0.0
2026-04-18 17:32:31,0.0
2026-04-18 17:32:31,0.0
2026-04-18 17:32:32,0.0
2026-04-18 17:32:32,0.0
2026-04-18 17:32:32,0.0
2026-04-18 17:32:32,0.0
2026-04-18 17:32:32,0.0
2026-04-18 17:32:32,0.0
2026-04-18 17:32:32,0.0
2026-04-18 17:32:32,0.0
2026-04-18 17:32:32,0.0
2026-04-18 17:32:32,0.0
2026-04-18 17:32:33,0.0
2026-04-18 17:32:33,0.0
2026-04-18 17:32:33,0.0
2026-04-18 17:32:33,0.0
2026-04-18 17:32:33,0.0
2026-04-18 17:32:33,0.0
2026-04-18 17:32:33,0.0
2026-04-18 17:32:33,0.0
2026-04-18 17:32:33,0.0
2026-04-18 17:32:34,0.0
2026-04-18 17:32:34,0.0
2026-04-18 17:32:34,0.0
2026-04-18 17:32:34,0.0
2026-04-18 17:32:34,0.0
2026-04-18 17:32:34,0.0
2026-04-18 17:32:34,0.0
2026-04-18 17:32:34,0.0
2026-04-18 17:32:34,0.0
2026-04-18 17:32:34,0.0
2026-04-18 17:32:35,0.0
2026-04-18 17:32:35,0.0
2026-04-18 17:32:35,0.0
2026-04-18 17:32:35,0.0
2026-04-18 17:32:35,0.0
2026-04-18 17:32:35,0.0
2026-04-18 17:32:35,0.0
2026-04-18 17:32:35,0.0
2026-04-18 17:32:35,0.0
2026-04-18 17:32:36,0.0
2026-04-18 17:32:36,0.0
2026-04-18 17:32:36,0.0
2026-04-18 17:32:36,0.0
2026-04-18 17:32:36,0.0
2026-04-18 17:32:36,0.0
2026-04-18 17:32:36,0.0
2026-04-18 17:32:36,0.0
2026-04-18 17:32:36,0.0
2026-04-18 17:32:37,0.0
2026-04-18 17:32:37,0.0
2026-04-18 17:32:37,0.0
2026-04-18 17:32:37,0.0
2026-04-18 17:32:37,0.0
2026-04-18 17:32:37,0.0
2026-04-18 17:32:37,0.0
2026-04-18 17:32:37,0.0
2026-04-18 17:32:37,0.0
2026-04-18 17:32:37,0.0
2026-04-18 17:32:38,0.0
2026-04-18 17:32:38,0.0
2026-04-18 17:32:38,0.0
2026-04-18 17:32:38,0.0
2026-04-18 17:32:38,0.0
2026-04-18 17:32:38,0.0
2026-04-18 17:32:38,0.0
2026-04-18 17:32:38,0.0
2026-04-18 17:32:38,0.0
2026-04-18 17:32:39,0.0
2026-04-18 17:32:39,0.0
2026-04-18 17:32:39,0.0
2026-04-18 17:32:39,0.0
2026-04-18 17:32:39,0.0
2026-04-18 17:32:39,0.0
2026-04-18 17:32:39,0.0
2026-04-18 17:32:39,0.0
2026-04-18 17:32:39,0.0
2026-04-18 17:32:39,0.0
2026-04-18 17:32:40,0.0
2026-04-18 17:32:40,0.0
2026-04-18 17:32:40,0.0
2026-04-18 17:32:40,0.0
2026-04-18 17:32:40,0.0
2026-04-18 17:32:40,0.0
2026-04-18 17:32:40,0.0
2026-04-18 17:32:40,0.0
2026-04-18 17:32:40,0.0
2026-04-18 17:32:41,0.0
2026-04-18 17:32:41,0.0
2026-04-18 17:32:41,0.0
2026-04-18 17:32:41,0.0
2026-04-18 17:32:41,0.0
2026-04-18 17:32:41,0.0
2026-04-18 17:32:41,0.0
2026-04-18 17:32:41,0.0
2026-04-18 17:32:41,0.0
2026-04-18 17:32:42,0.0
2026-04-18 17:32:42,0.0
2026-04-18 17:32:42,0.0
2026-04-18 17:32:42,0.0
2026-04-18 17:32:42,0.0
2026-04-18 17:32:42,0.0
2026-04-18 17:32:42,0.0
2026-04-18 17:32:42,0.0
2026-04-18 17:32:42,0.0
2026-04-18 17:32:42,0.0
2026-04-18 17:32:43,0.0
2026-04-18 17:32:43,0.0
2026-04-18 17:32:43,0.0
2026-04-18 17:32:43,0.0
2026-04-18 17:32:43,0.0
2026-04-18 17:32:43,0.0
2026-04-18 17:32:43,0.0
2026-04-18 17:32:43,0.0
2026-04-18 17:32:43,0.0
2026-04-18 17:32:44,0.0
2026-04-18 17:32:44,0.0
2026-04-18 17:32:44,0.0
2026-04-18 17:32:44,0.0
2026-04-18 17:32:44,0.0
2026-04-18 17:32:44,0.0
2026-04-18 17:32:44,0.0
2026-04-18 17:32:44,0.0
2026-04-18 17:32:44,0.0
2026-04-18 17:32:45,0.0
2026-04-18 17:32:45,0.0
2026-04-18 17:32:45,0.0
2026-04-18 17:32:45,0.0
2026-04-18 17:32:45,0.0
2026-04-18 17:32:45,0.0
2026-04-18 17:32:45,0.0
2026-04-18 17:32:45,0.0
2026-04-18 17:32:45,0.0
2026-04-18 17:32:45,0.0
2026-04-18 17:32:46,0.0
2026-04-18 17:32:46,0.0
2026-04-18 17:32:46,0.0
2026-04-18 17:32:46,0.0
2026-04-18 17:32:46,0.0
2026-04-18 17:32:46,0.0
2026-04-18 17:32:46,0.0
2026-04-18 17:32:46,0.0
2026-04-18 17:32:46,0.0
2026-04-18 17:32:47,0.0
2026-04-18 17:32:47,0.0
2026-04-18 17:32:47,0.0
2026-04-18 17:32:47,0.0
2026-04-18 17:32:47,0.0
2026-04-18 17:32:47,0.0
2026-04-18 17:32:47,0.0
2026-04-18 17:32:47,0.0
2026-04-18 17:32:47,0.0
2026-04-18 17:32:47,0.0
2026-04-18 17:32:48,0.0
2026-04-18 17:32:48,0.0
2026-04-18 17:32:48,0.0
2026-04-18 17:32:48,0.0
2026-04-18 17:32:48,0.0
2026-04-18 17:32:48,0.0
2026-04-18 17:32:48,0.0
2026-04-18 17:32:48,0.0
2026-04-18 17:32:48,0.0
2026-04-18 17:32:49,0.0
2026-04-18 17:32:49,0.0
2026-04-18 17:32:49,0.0
2026-04-18 17:32:49,0.0
2026-04-18 17:32:49,0.0
2026-04-18 17:32:49,0.0
2026-04-18 17:32:49,0.0
2026-04-18 17:32:49,0.0
2026-04-18 17:32:49,0.0
2026-04-18 17:32:50,0.0
2026-04-18 17:32:50,0.0
2026-04-18 17:32:50,0.0
2026-04-18 17:32:50,0.0
2026-04-18 17:32:50,0.0
2026-04-18 17:32:50,0.0
2026-04-18 17:32:50,0.0
2026-04-18 17:32:50,0.0
2026-04-18 17:32:50,0.0
2026-04-18 17:32:50,0.0
2026-04-18 17:32:51,0.0
2026-04-18 17:32:51,0.0
2026-04-18 17:32:51,0.0
2026-04-18 17:32:51,0.0
2026-04-18 17:32:51,0.0
2026-04-18 17:32:51,0.0
2026-04-18 17:32:51,0.0
2026-04-18 17:32:51,0.0
2026-04-18 17:32:51,0.0
2026-04-18 17:32:52,0.0
2026-04-18 17:32:52,0.0
2026-04-18 17:32:52,0.0
2026-04-18 17:32:52,0.0
2026-04-18 17:32:52,0.0
2026-04-18 17:32:52,0.0
2026-04-18 17:32:52,0.0
2026-04-18 17:32:52,0.0
2026-04-18 17:32:52,0.0
2026-04-18 17:32:53,0.0
2026-04-18 17:32:53,0.0
2026-04-18 17:32:53,0.0
2026-04-18 17:32:53,0.0
2026-04-18 17:32:53,0.0
2026-04-18 17:32:53,0.0
2026-04-18 17:32:53,0.0
2026-04-18 17:32:53,0.0
2026-04-18 17:32:53,0.0
2026-04-18 17:32:53,0.0
2026-04-18 17:32:54,0.0
2026-04-18 17:32:54,0.0
2026-04-18 17:32:54,0.0
2026-04-18 17:32:54,0.0
2026-04-18 17:32:54,0.0
2026-04-18 17:32:54,0.0
2026-04-18 17:32:54,0.0
2026-04-18 17:32:54,0.0
2026-04-18 17:32:54,0.0
2026-04-18 17:32:55,0.0
2026-04-18 17:32:55,0.0
2026-04-18 17:32:55,0.0
2026-04-18 17:32:55,0.0
2026-04-18 17:32:55,0.0
2026-04-18 17:32:55,0.0
2026-04-18 17:32:55,0.0
2026-04-18 17:32:55,0.0
2026-04-18 17:32:55,0.0
2026-04-18 17:32:55,0.0
2026-04-18 17:32:56,0.0
2026-04-18 17:32:56,0.0
2026-04-18 17:32:56,0.0
2026-04-18 17:32:56,0.0
2026-04-18 17:32:56,0.0
2026-04-18 17:32:56,0.0
2026-04-18 17:32:56,0.0
2026-04-18 17:32:56,0.0
2026-04-18 17:32:56,0.0
2026-04-18 17:32:57,0.0
2026-04-18 17:32:57,0.0
2026-04-18 17:32:57,0.0
2026-04-18 17:32:57,0.0
2026-04-18 17:32:57,0.0
2026-04-18 17:32:57,0.0
2026-04-18 17:32:57,0.0
2026-04-18 17:32:57,0.0
2026-04-18 17:32:57,0.0
2026-04-18 17:32:58,0.0
2026-04-18 17:32:58,0.0
2026-04-18 17:32:58,0.0
2026-04-18 17:32:58,0.0
2026-04-18 17:32:58,0.0
2026-04-18 17:32:58,0.0
2026-04-18 17:32:58,0.0
2026-04-18 17:32:58,0.0
2026-04-18 17:32:58,0.0
2026-04-18 17:32:58,0.0
2026-04-18 17:32:59,0.0
2026-04-18 17:32:59,0.0
2026-04-18 17:32:59,0.0
2026-04-18 17:32:59,0.0
2026-04-18 17:32:59,0.0
2026-04-18 17:32:59,0.0
2026-04-18 17:32:59,0.0
2026-04-18 17:32:59,0.0
2026-04-18 17:32:59,0.0
2026-04-18 17:33:00,0.0
2026-04-18 17:33:00,0.0
2026-04-18 17:33:00,0.0
2026-04-18 17:33:00,0.0
2026-04-18 17:33:00,0.0
2026-04-18 17:33:00,0.0
2026-04-18 17:33:00,0.0
2026-04-18 17:33:00,0.0
2026-04-18 17:33:00,0.0
2026-04-18 17:33:01,0.0
2026-04-18 17:33:01,0.0
2026-04-18 17:33:01,0.0
2026-04-18 17:33:01,0.0
2026-04-18 17:33:01,0.0
2026-04-18 17:33:01,0.0
2026-04-18 17:33:01,0.0
2026-04-18 17:33:01,0.0
2026-04-18 17:33:01,0.0
2026-04-18 17:33:01,0.0
2026-04-18 17:33:02,0.0
2026-04-18 17:33:02,0.0
2026-04-18 17:33:02,0.0
2026-04-18 17:33:02,0.0
2026-04-18 17:33:02,0.0
2026-04-18 17:33:02,0.0
2026-04-18 17:33:02,0.0
2026-04-18 17:33:02,0.0
2026-04-18 17:33:02,0.0
2026-04-18 17:33:03,0.0
2026-04-18 17:33:03,0.0
2026-04-18 17:33:03,0.0
2026-04-18 17:33:03,0.0
2026-04-18 17:33:03,0.0
2026-04-18 17:33:03,0.0
2026-04-18 17:33:03,0.0
2026-04-18 17:33:03,0.0
2026-04-18 17:33:03,0.0
2026-04-18 17:33:03,0.0
2026-04-18 17:33:04,0.0
2026-04-18 17:33:04,0.0
2026-04-18 17:33:04,0.0
2026-04-18 17:33:04,0.0
2026-04-18 17:33:04,0.0
2026-04-18 17:33:04,0.0
2026-04-18 17:33:04,0.0
2026-04-18 17:33:04,0.0
2026-04-18 17:33:04,0.0
2026-04-18 17:33:05,0.0
2026-04-18 17:33:05,0.0
2026-04-18 17:33:05,0.0
2026-04-18 17:33:05,0.0
2026-04-18 17:33:05,0.0
2026-04-18 17:33:05,0.0
2026-04-18 17:33:05,0.0
2026-04-18 17:33:05,0.0
2026-04-18 17:33:05,0.0
2026-04-18 17:33:06,0.0
2026-04-18 17:33:06,0.0
2026-04-18 17:33:06,0.0
2026-04-18 17:33:06,0.0
2026-04-18 17:33:06,0.0
2026-04-18 17:33:06,0.0
2026-04-18 17:33:06,0.0
2026-04-18 17:33:06,0.0
2026-04-18 17:33:06,0.0
2026-04-18 17:33:06,0.0
2026-04-18 17:33:07,0.0
2026-04-18 17:33:07,0.0
2026-04-18 17:33:07,0.0
2026-04-18 17:33:07,0.0
2026-04-18 17:33:07,0.0
2026-04-18 17:33:07,0.0
2026-04-18 17:33:07,0.0
2026-04-18 17:33:07,0.0
2026-04-18 17:33:07,0.0
2026-04-18 17:33:08,0.0
2026-04-18 17:33:08,0.0
2026-04-18 17:33:08,0.0
2026-04-18 17:33:08,0.0
2026-04-18 17:33:08,0.0
2026-04-18 17:33:08,0.0
2026-04-18 17:33:08,0.0
2026-04-18 17:33:08,0.0
2026-04-18 17:33:08,0.0
2026-04-18 17:33:09,0.0
2026-04-18 17:33:09,0.0
2026-04-18 17:33:09,0.0
2026-04-18 17:33:09,0.0
2026-04-18 17:33:09,0.0
2026-04-18 17:33:09,0.0
2026-04-18 17:33:09,0.0
2026-04-18 17:33:09,0.0
2026-04-18 17:33:09,0.0
2026-04-18 17:33:09,0.0
2026-04-18 17:33:10,0.0
2026-04-18 17:33:10,0.0
2026-04-18 17:33:10,0.0
2026-04-18 17:33:10,0.0
2026-04-18 17:33:10,0.0
2026-04-18 17:33:10,0.0
2026-04-18 17:33:10,0.0
2026-04-18 17:33:10,0.0
2026-04-18 17:33:10,0.0
2026-04-18 17:33:11,0.0
2026-04-18 17:33:11,0.0
2026-04-18 17:33:11,0.0
2026-04-18 17:33:11,0.0
2026-04-18 17:33:11,0.0
2026-04-18 17:33:11,0.0
2026-04-18 17:33:11,0.0
2026-04-18 17:33:11,0.0
2026-04-18 17:33:11,0.0
2026-04-18 17:33:11,0.0
2026-04-18 17:33:12,0.0
2026-04-18 17:33:12,0.0
2026-04-18 17:33:12,0.0
2026-04-18 17:33:12,0.0
2026-04-18 17:33:12,0.0
2026-04-18 17:33:12,0.0
2026-04-18 17:33:12,0.0
2026-04-18 17:33:12,0.0
2026-04-18 17:33:12,0.0
2026-04-18 17:33:13,0.0
2026-04-18 17:33:13,0.0
2026-04-18 17:33:13,0.0
2026-04-18 17:33:13,0.0
2026-04-18 17:33:13,0.0
2026-04-18 17:33:13,0.0
2026-04-18 17:33:13,0.0
2026-04-18 17:33:13,0.0
2026-04-18 17:33:13,0.0
2026-04-18 17:33:14,0.0
2026-04-18 17:33:14,0.0
2026-04-18 17:33:14,0.0
2026-04-18 17:33:14,0.0
2026-04-18 17:33:14,0.0
2026-04-18 17:33:14,0.0
2026-04-18 17:33:14,0.0
2026-04-18 17:33:14,0.0
2026-04-18 17:33:14,0.0
2026-04-18 17:33:14,0.0
2026-04-18 17:33:15,0.0
2026-04-18 17:33:15,0.0
2026-04-18 17:33:15,0.0
2026-04-18 17:33:15,0.0
2026-04-18 17:33:15,0.0
2026-04-18 17:33:15,0.0
2026-04-18 17:33:15,0.0
2026-04-18 17:33:15,0.0
2026-04-18 17:33:15,0.0
2026-04-18 17:33:16,0.0
2026-04-18 17:33:16,0.0
2026-04-18 17:33:16,0.0
2026-04-18 17:33:16,0.0
2026-04-18 17:33:16,0.0
2026-04-18 17:33:16,0.0
2026-04-18 17:33:16,0.0
2026-04-18 17:33:16,0.0
2026-04-18 17:33:16,0.0
2026-04-18 17:33:16,0.0
2026-04-18 17:33:17,0.0
2026-04-18 17:33:17,0.0
2026-04-18 17:33:17,0.0
2026-04-18 17:33:17,0.0
2026-04-18 17:33:17,0.0
2026-04-18 17:33:17,0.0
2026-04-18 17:33:17,0.0
2026-04-18 17:33:17,0.0
2026-04-18 17:33:17,0.0
2026-04-18 17:33:18,0.0
2026-04-18 17:33:18,0.0
2026-04-18 17:33:18,0.0
2026-04-18 17:33:18,0.0
2026-04-18 17:33:18,0.0
2026-04-18 17:33:18,0.0
2026-04-18 17:33:18,0.0
2026-04-18 17:33:18,0.0
2026-04-18 17:33:18,0.0
2026-04-18 17:33:19,0.0
2026-04-18 17:33:19,0.0
2026-04-18 17:33:19,0.0
2026-04-18 17:33:19,0.0
2026-04-18 17:33:19,0.0
2026-04-18 17:33:19,0.0
2026-04-18 17:33:19,0.0
2026-04-18 17:33:19,0.0
2026-04-18 17:33:19,0.0
2026-04-18 17:33:19,0.0
